# ----------------------------------------,,
# OTexts.org,,
# Audience Overview,,
# 20120101-20220531,,
# ----------------------------------------,,
,,
Day Index,Pageviews,New Users
1/01/2012,0,0
2/01/2012,0,0
3/01/2012,0,0
4/01/2012,0,0
5/01/2012,0,0
6/01/2012,0,0
7/01/2012,0,0
8/01/2012,0,0
9/01/2012,0,0
10/01/2012,0,0
11/01/2012,0,0
12/01/2012,0,0
13/01/2012,0,0
14/01/2012,0,0
15/01/2012,0,0
16/01/2012,0,0
17/01/2012,0,0
18/01/2012,0,0
19/01/2012,0,0
20/01/2012,0,0
21/01/2012,0,0
22/01/2012,0,0
23/01/2012,0,0
24/01/2012,0,0
25/01/2012,0,0
26/01/2012,0,0
27/01/2012,0,0
28/01/2012,0,0
29/01/2012,0,0
30/01/2012,0,0
31/01/2012,0,0
1/02/2012,0,0
2/02/2012,0,0
3/02/2012,0,0
4/02/2012,0,0
5/02/2012,0,0
6/02/2012,0,0
7/02/2012,0,0
8/02/2012,0,0
9/02/2012,0,0
10/02/2012,0,0
11/02/2012,0,0
12/02/2012,0,0
13/02/2012,0,0
14/02/2012,0,0
15/02/2012,0,0
16/02/2012,0,0
17/02/2012,0,0
18/02/2012,0,0
19/02/2012,0,0
20/02/2012,0,0
21/02/2012,0,0
22/02/2012,0,0
23/02/2012,0,0
24/02/2012,0,0
25/02/2012,0,0
26/02/2012,0,0
27/02/2012,0,0
28/02/2012,0,0
29/02/2012,0,0
1/03/2012,0,0
2/03/2012,0,0
3/03/2012,0,0
4/03/2012,0,0
5/03/2012,0,0
6/03/2012,0,0
7/03/2012,0,0
8/03/2012,0,0
9/03/2012,0,0
10/03/2012,0,0
11/03/2012,0,0
12/03/2012,0,0
13/03/2012,0,0
14/03/2012,0,0
15/03/2012,0,0
16/03/2012,0,0
17/03/2012,0,0
18/03/2012,0,0
19/03/2012,0,0
20/03/2012,0,0
21/03/2012,0,0
22/03/2012,0,0
23/03/2012,0,0
24/03/2012,0,0
25/03/2012,0,0
26/03/2012,0,0
27/03/2012,0,0
28/03/2012,0,0
29/03/2012,0,0
30/03/2012,0,0
31/03/2012,0,0
1/04/2012,0,0
2/04/2012,0,0
3/04/2012,0,0
4/04/2012,0,0
5/04/2012,0,0
6/04/2012,0,0
7/04/2012,0,0
8/04/2012,0,0
9/04/2012,0,0
10/04/2012,0,0
11/04/2012,0,0
12/04/2012,0,0
13/04/2012,0,0
14/04/2012,0,0
15/04/2012,0,0
16/04/2012,0,0
17/04/2012,0,0
18/04/2012,0,0
19/04/2012,0,0
20/04/2012,0,0
21/04/2012,0,0
22/04/2012,0,0
23/04/2012,0,0
24/04/2012,0,0
25/04/2012,0,0
26/04/2012,0,0
27/04/2012,0,0
28/04/2012,0,0
29/04/2012,0,0
30/04/2012,0,0
1/05/2012,0,0
2/05/2012,0,0
3/05/2012,0,0
4/05/2012,0,0
5/05/2012,0,0
6/05/2012,0,0
7/05/2012,0,0
8/05/2012,0,0
9/05/2012,0,0
10/05/2012,0,0
11/05/2012,0,0
12/05/2012,0,0
13/05/2012,0,0
14/05/2012,0,0
15/05/2012,0,0
16/05/2012,0,0
17/05/2012,0,0
18/05/2012,0,0
19/05/2012,0,0
20/05/2012,0,0
21/05/2012,0,0
22/05/2012,0,0
23/05/2012,0,0
24/05/2012,0,0
25/05/2012,0,0
26/05/2012,0,0
27/05/2012,0,0
28/05/2012,0,0
29/05/2012,0,0
30/05/2012,0,0
31/05/2012,0,0
1/06/2012,0,0
2/06/2012,0,0
3/06/2012,0,0
4/06/2012,0,0
5/06/2012,0,0
6/06/2012,0,0
7/06/2012,0,0
8/06/2012,0,0
9/06/2012,0,0
10/06/2012,0,0
11/06/2012,0,0
12/06/2012,0,0
13/06/2012,0,0
14/06/2012,0,0
15/06/2012,0,0
16/06/2012,0,0
17/06/2012,0,0
18/06/2012,0,0
19/06/2012,0,0
20/06/2012,0,0
21/06/2012,0,0
22/06/2012,0,0
23/06/2012,0,0
24/06/2012,0,0
25/06/2012,0,0
26/06/2012,0,0
27/06/2012,0,0
28/06/2012,0,0
29/06/2012,0,0
30/06/2012,0,0
1/07/2012,0,0
2/07/2012,0,0
3/07/2012,0,0
4/07/2012,0,0
5/07/2012,0,0
6/07/2012,0,0
7/07/2012,0,0
8/07/2012,0,0
9/07/2012,0,0
10/07/2012,0,0
11/07/2012,0,0
12/07/2012,0,0
13/07/2012,0,0
14/07/2012,0,0
15/07/2012,0,0
16/07/2012,0,0
17/07/2012,0,0
18/07/2012,0,0
19/07/2012,0,0
20/07/2012,0,0
21/07/2012,0,0
22/07/2012,0,0
23/07/2012,0,0
24/07/2012,0,0
25/07/2012,0,0
26/07/2012,0,0
27/07/2012,0,0
28/07/2012,0,0
29/07/2012,0,0
30/07/2012,0,0
31/07/2012,0,0
1/08/2012,0,0
2/08/2012,0,0
3/08/2012,0,0
4/08/2012,0,0
5/08/2012,0,0
6/08/2012,0,0
7/08/2012,0,0
8/08/2012,0,0
9/08/2012,0,0
10/08/2012,0,0
11/08/2012,0,0
12/08/2012,0,0
13/08/2012,0,0
14/08/2012,0,0
15/08/2012,0,0
16/08/2012,0,0
17/08/2012,0,0
18/08/2012,0,0
19/08/2012,0,0
20/08/2012,0,0
21/08/2012,0,0
22/08/2012,0,0
23/08/2012,0,0
24/08/2012,0,0
25/08/2012,0,0
26/08/2012,0,0
27/08/2012,0,0
28/08/2012,0,0
29/08/2012,0,0
30/08/2012,0,0
31/08/2012,0,0
1/09/2012,0,0
2/09/2012,0,0
3/09/2012,0,0
4/09/2012,0,0
5/09/2012,0,0
6/09/2012,0,0
7/09/2012,0,0
8/09/2012,0,0
9/09/2012,0,0
10/09/2012,0,0
11/09/2012,0,0
12/09/2012,0,0
13/09/2012,0,0
14/09/2012,0,0
15/09/2012,0,0
16/09/2012,0,0
17/09/2012,0,0
18/09/2012,0,0
19/09/2012,21,3
20/09/2012,0,0
21/09/2012,0,0
22/09/2012,0,0
23/09/2012,0,0
24/09/2012,1,0
25/09/2012,3,1
26/09/2012,4,1
27/09/2012,1,1
28/09/2012,6,1
29/09/2012,1,0
30/09/2012,0,0
1/10/2012,0,0
2/10/2012,9,2
3/10/2012,0,0
4/10/2012,0,0
5/10/2012,0,0
6/10/2012,0,0
7/10/2012,0,0
8/10/2012,0,0
9/10/2012,2,2
10/10/2012,1,0
11/10/2012,0,0
12/10/2012,0,0
13/10/2012,0,0
14/10/2012,14,0
15/10/2012,10,2
16/10/2012,4,2
17/10/2012,22,1
18/10/2012,7,1
19/10/2012,2,0
20/10/2012,1,1
21/10/2012,0,0
22/10/2012,0,0
23/10/2012,0,0
24/10/2012,0,0
25/10/2012,0,0
26/10/2012,0,0
27/10/2012,0,0
28/10/2012,0,0
29/10/2012,0,0
30/10/2012,8,2
31/10/2012,0,0
1/11/2012,2,1
2/11/2012,0,0
3/11/2012,0,0
4/11/2012,2,1
5/11/2012,0,0
6/11/2012,0,0
7/11/2012,0,0
8/11/2012,0,0
9/11/2012,2,2
10/11/2012,1,1
11/11/2012,0,0
12/11/2012,0,0
13/11/2012,0,0
14/11/2012,0,0
15/11/2012,2,0
16/11/2012,0,0
17/11/2012,0,0
18/11/2012,0,0
19/11/2012,1,0
20/11/2012,0,0
21/11/2012,0,0
22/11/2012,0,0
23/11/2012,0,0
24/11/2012,7,1
25/11/2012,17,1
26/11/2012,14,1
27/11/2012,45,4
28/11/2012,2,1
29/11/2012,0,0
30/11/2012,0,0
1/12/2012,0,0
2/12/2012,0,0
3/12/2012,0,0
4/12/2012,1,1
5/12/2012,0,0
6/12/2012,0,0
7/12/2012,0,0
8/12/2012,7,2
9/12/2012,2,1
10/12/2012,0,0
11/12/2012,7,1
12/12/2012,13,2
13/12/2012,14,3
14/12/2012,0,0
15/12/2012,0,0
16/12/2012,3,0
17/12/2012,1,0
18/12/2012,7,1
19/12/2012,14,0
20/12/2012,15,0
21/12/2012,5,0
22/12/2012,1,0
23/12/2012,0,0
24/12/2012,0,0
25/12/2012,0,0
26/12/2012,0,0
27/12/2012,0,0
28/12/2012,0,0
29/12/2012,0,0
30/12/2012,1,1
31/12/2012,0,0
1/01/2013,0,0
2/01/2013,7,1
3/01/2013,0,0
4/01/2013,11,2
5/01/2013,0,0
6/01/2013,2,0
7/01/2013,17,0
8/01/2013,8,1
9/01/2013,1,1
10/01/2013,4,1
11/01/2013,13,1
12/01/2013,0,0
13/01/2013,0,0
14/01/2013,0,0
15/01/2013,0,0
16/01/2013,0,0
17/01/2013,0,0
18/01/2013,0,0
19/01/2013,0,0
20/01/2013,0,0
21/01/2013,0,0
22/01/2013,0,0
23/01/2013,0,0
24/01/2013,0,0
25/01/2013,0,0
26/01/2013,0,0
27/01/2013,0,0
28/01/2013,0,0
29/01/2013,0,0
30/01/2013,0,0
31/01/2013,0,0
1/02/2013,0,0
2/02/2013,0,0
3/02/2013,0,0
4/02/2013,0,0
5/02/2013,0,0
6/02/2013,0,0
7/02/2013,0,0
8/02/2013,0,0
9/02/2013,0,0
10/02/2013,0,0
11/02/2013,0,0
12/02/2013,0,0
13/02/2013,0,0
14/02/2013,0,0
15/02/2013,0,0
16/02/2013,0,0
17/02/2013,0,0
18/02/2013,0,0
19/02/2013,0,0
20/02/2013,0,0
21/02/2013,0,0
22/02/2013,1,1
23/02/2013,0,0
24/02/2013,0,0
25/02/2013,0,0
26/02/2013,0,0
27/02/2013,0,0
28/02/2013,1,0
1/03/2013,3,1
2/03/2013,0,0
3/03/2013,0,0
4/03/2013,0,0
5/03/2013,2,1
6/03/2013,0,0
7/03/2013,0,0
8/03/2013,0,0
9/03/2013,0,0
10/03/2013,0,0
11/03/2013,7,1
12/03/2013,0,0
13/03/2013,0,0
14/03/2013,0,0
15/03/2013,0,0
16/03/2013,0,0
17/03/2013,0,0
18/03/2013,0,0
19/03/2013,0,0
20/03/2013,0,0
21/03/2013,1,1
22/03/2013,0,0
23/03/2013,0,0
24/03/2013,0,0
25/03/2013,0,0
26/03/2013,0,0
27/03/2013,0,0
28/03/2013,0,0
29/03/2013,0,0
30/03/2013,0,0
31/03/2013,0,0
1/04/2013,0,0
2/04/2013,0,0
3/04/2013,0,0
4/04/2013,0,0
5/04/2013,0,0
6/04/2013,0,0
7/04/2013,0,0
8/04/2013,0,0
9/04/2013,0,0
10/04/2013,0,0
11/04/2013,5,1
12/04/2013,0,0
13/04/2013,0,0
14/04/2013,0,0
15/04/2013,2,2
16/04/2013,0,0
17/04/2013,0,0
18/04/2013,0,0
19/04/2013,0,0
20/04/2013,1,0
21/04/2013,0,0
22/04/2013,0,0
23/04/2013,0,0
24/04/2013,0,0
25/04/2013,0,0
26/04/2013,0,0
27/04/2013,0,0
28/04/2013,0,0
29/04/2013,0,0
30/04/2013,0,0
1/05/2013,1,1
2/05/2013,0,0
3/05/2013,1,0
4/05/2013,0,0
5/05/2013,0,0
6/05/2013,0,0
7/05/2013,0,0
8/05/2013,9,0
9/05/2013,0,0
10/05/2013,1,0
11/05/2013,0,0
12/05/2013,0,0
13/05/2013,4,1
14/05/2013,0,0
15/05/2013,0,0
16/05/2013,2,2
17/05/2013,0,0
18/05/2013,0,0
19/05/2013,0,0
20/05/2013,0,0
21/05/2013,0,0
22/05/2013,0,0
23/05/2013,0,0
24/05/2013,1,0
25/05/2013,0,0
26/05/2013,0,0
27/05/2013,0,0
28/05/2013,0,0
29/05/2013,1,1
30/05/2013,0,0
31/05/2013,0,0
1/06/2013,0,0
2/06/2013,0,0
3/06/2013,1,0
4/06/2013,1,0
5/06/2013,0,0
6/06/2013,0,0
7/06/2013,0,0
8/06/2013,0,0
9/06/2013,0,0
10/06/2013,0,0
11/06/2013,0,0
12/06/2013,0,0
13/06/2013,0,0
14/06/2013,0,0
15/06/2013,1,0
16/06/2013,0,0
17/06/2013,0,0
18/06/2013,0,0
19/06/2013,0,0
20/06/2013,2,0
21/06/2013,10,0
22/06/2013,0,0
23/06/2013,0,0
24/06/2013,0,0
25/06/2013,0,0
26/06/2013,0,0
27/06/2013,1,0
28/06/2013,0,0
29/06/2013,0,0
30/06/2013,0,0
1/07/2013,0,0
2/07/2013,0,0
3/07/2013,0,0
4/07/2013,0,0
5/07/2013,1,0
6/07/2013,5,1
7/07/2013,0,0
8/07/2013,0,0
9/07/2013,0,0
10/07/2013,0,0
11/07/2013,0,0
12/07/2013,0,0
13/07/2013,0,0
14/07/2013,15,1
15/07/2013,3,0
16/07/2013,0,0
17/07/2013,0,0
18/07/2013,0,0
19/07/2013,46,1
20/07/2013,1,0
21/07/2013,0,0
22/07/2013,0,0
23/07/2013,0,0
24/07/2013,0,0
25/07/2013,0,0
26/07/2013,0,0
27/07/2013,0,0
28/07/2013,0,0
29/07/2013,0,0
30/07/2013,0,0
31/07/2013,0,0
1/08/2013,0,0
2/08/2013,0,0
3/08/2013,0,0
4/08/2013,0,0
5/08/2013,0,0
6/08/2013,0,0
7/08/2013,0,0
8/08/2013,0,0
9/08/2013,0,0
10/08/2013,0,0
11/08/2013,0,0
12/08/2013,0,0
13/08/2013,1,0
14/08/2013,0,0
15/08/2013,0,0
16/08/2013,0,0
17/08/2013,0,0
18/08/2013,0,0
19/08/2013,31,1
20/08/2013,0,0
21/08/2013,45,2
22/08/2013,0,0
23/08/2013,0,0
24/08/2013,0,0
25/08/2013,0,0
26/08/2013,0,0
27/08/2013,0,0
28/08/2013,0,0
29/08/2013,1,0
30/08/2013,0,0
31/08/2013,0,0
1/09/2013,0,0
2/09/2013,0,0
3/09/2013,0,0
4/09/2013,1,0
5/09/2013,0,0
6/09/2013,0,0
7/09/2013,0,0
8/09/2013,1,0
9/09/2013,15,0
10/09/2013,1,0
11/09/2013,3,0
12/09/2013,0,0
13/09/2013,30,0
14/09/2013,0,0
15/09/2013,0,0
16/09/2013,1,0
17/09/2013,0,0
18/09/2013,32,2
19/09/2013,103,1
20/09/2013,19,0
21/09/2013,0,0
22/09/2013,41,1
23/09/2013,38,1
24/09/2013,6,1
25/09/2013,2,0
26/09/2013,471,84
27/09/2013,"4,062",773
28/09/2013,"3,131",516
29/09/2013,"2,513",416
30/09/2013,"3,508",574
1/10/2013,"3,309",582
2/10/2013,"2,630",385
3/10/2013,"3,437",471
4/10/2013,"3,651",501
5/10/2013,"2,363",344
6/10/2013,"1,729",208
7/10/2013,"2,173",302
8/10/2013,"4,326",460
9/10/2013,"3,338",408
10/10/2013,"2,897",349
11/10/2013,"2,239",261
12/10/2013,"1,524",216
13/10/2013,"1,798",194
14/10/2013,"3,215",396
15/10/2013,"3,328",375
16/10/2013,"3,562",351
17/10/2013,"2,496",316
18/10/2013,"2,570",328
19/10/2013,"1,959",248
20/10/2013,"1,606",236
21/10/2013,"2,490",342
22/10/2013,"2,507",386
23/10/2013,"1,974",416
24/10/2013,"3,340",535
25/10/2013,"2,926",460
26/10/2013,"1,918",275
27/10/2013,"1,449",244
28/10/2013,"1,271",228
29/10/2013,"2,804",414
30/10/2013,"2,472",409
31/10/2013,"2,610",373
1/11/2013,"2,367",345
2/11/2013,"1,967",215
3/11/2013,"1,473",193
4/11/2013,"1,879",295
5/11/2013,"2,893",404
6/11/2013,"3,193",345
7/11/2013,"2,798",376
8/11/2013,"2,616",367
9/11/2013,"1,558",244
10/11/2013,"1,608",219
11/11/2013,"1,685",282
12/11/2013,"2,222",336
13/11/2013,"2,367",346
14/11/2013,"2,356",330
15/11/2013,"2,183",315
16/11/2013,"1,709",233
17/11/2013,"1,464",210
18/11/2013,"1,940",274
19/11/2013,"2,902",368
20/11/2013,"3,028",377
21/11/2013,"2,693",431
22/11/2013,"2,274",342
23/11/2013,"1,606",245
24/11/2013,"1,334",214
25/11/2013,"1,939",334
26/11/2013,"2,767",364
27/11/2013,"2,153",391
28/11/2013,"2,169",331
29/11/2013,"2,038",319
30/11/2013,"1,455",259
1/12/2013,"1,266",213
2/12/2013,"2,223",328
3/12/2013,"2,204",429
4/12/2013,"2,306",427
5/12/2013,"2,587",424
6/12/2013,"2,649",390
7/12/2013,"1,516",288
8/12/2013,"1,357",240
9/12/2013,"2,409",329
10/12/2013,"2,537",402
11/12/2013,"3,918",762
12/12/2013,"1,975",358
13/12/2013,"2,501",468
14/12/2013,"1,966",305
15/12/2013,"1,609",231
16/12/2013,"1,768",290
17/12/2013,"2,094",317
18/12/2013,"2,205",301
19/12/2013,"2,042",275
20/12/2013,"1,548",261
21/12/2013,"1,251",161
22/12/2013,"1,142",128
23/12/2013,"1,202",170
24/12/2013,"1,321",183
25/12/2013,"1,037",110
26/12/2013,"1,475",129
27/12/2013,"1,445",256
28/12/2013,"1,091",174
29/12/2013,876,113
30/12/2013,"1,239",159
31/12/2013,"1,904",216
1/01/2014,877,118
2/01/2014,"1,473",177
3/01/2014,"2,167",206
4/01/2014,"1,198",184
5/01/2014,987,165
6/01/2014,"1,904",214
7/01/2014,"2,744",353
8/01/2014,"2,522",305
9/01/2014,"2,353",332
10/01/2014,"2,475",309
11/01/2014,"1,665",234
12/01/2014,"1,672",197
13/01/2014,"2,187",271
14/01/2014,"2,773",312
15/01/2014,"2,350",311
16/01/2014,"2,480",329
17/01/2014,"2,659",363
18/01/2014,"1,635",257
19/01/2014,"1,185",161
20/01/2014,"1,902",303
21/01/2014,"2,666",355
22/01/2014,"2,418",362
23/01/2014,"3,567",583
24/01/2014,"4,229",909
25/01/2014,"2,767",519
26/01/2014,"2,502",474
27/01/2014,"3,645",615
28/01/2014,"3,763",590
29/01/2014,"2,857",469
30/01/2014,"5,505",703
31/01/2014,"8,381","1,232"
1/02/2014,"5,250",749
2/02/2014,"2,344",417
3/02/2014,"3,066",494
4/02/2014,"3,894",612
5/02/2014,"3,235",530
6/02/2014,"3,684",569
7/02/2014,"3,124",519
8/02/2014,"2,652",352
9/02/2014,"2,215",315
10/02/2014,"2,619",387
11/02/2014,"3,038",426
12/02/2014,"2,800",450
13/02/2014,"3,678",544
14/02/2014,"3,001",431
15/02/2014,"2,001",276
16/02/2014,"1,689",249
17/02/2014,"2,426",367
18/02/2014,"2,817",438
19/02/2014,"3,189",496
20/02/2014,"3,017",485
21/02/2014,"2,387",349
22/02/2014,"2,024",314
23/02/2014,"1,883",285
24/02/2014,"2,669",416
25/02/2014,"3,775",561
26/02/2014,"3,263",519
27/02/2014,"3,646",533
28/02/2014,"2,931",453
1/03/2014,"2,007",342
2/03/2014,"1,665",262
3/03/2014,"2,347",390
4/03/2014,"3,280",464
5/03/2014,"2,602",475
6/03/2014,"3,140",508
7/03/2014,"3,223",470
8/03/2014,"2,412",343
9/03/2014,"1,583",273
10/03/2014,"2,544",451
11/03/2014,"3,534",517
12/03/2014,"3,444",481
13/03/2014,"3,404",487
14/03/2014,"4,316",718
15/03/2014,"2,683",411
16/03/2014,"2,012",294
17/03/2014,"3,012",460
18/03/2014,"5,411",788
19/03/2014,"6,518","1,026"
20/03/2014,"4,594",660
21/03/2014,"4,060",533
22/03/2014,"2,472",372
23/03/2014,"1,961",316
24/03/2014,"3,022",477
25/03/2014,"4,052",665
26/03/2014,"4,035",584
27/03/2014,"4,264",705
28/03/2014,"3,612",651
29/03/2014,"2,923",454
30/03/2014,"2,413",374
31/03/2014,"2,949",508
1/04/2014,"3,813",608
2/04/2014,"3,043",637
3/04/2014,"4,015",684
4/04/2014,"3,122",582
5/04/2014,"2,391",410
6/04/2014,"2,376",389
7/04/2014,"3,152",562
8/04/2014,"4,089",661
9/04/2014,"5,220",851
10/04/2014,"6,526",888
11/04/2014,"5,664",662
12/04/2014,"4,816",464
13/04/2014,"2,246",356
14/04/2014,"3,498",575
15/04/2014,"3,900",629
16/04/2014,"3,988",677
17/04/2014,"3,532",624
18/04/2014,"2,940",466
19/04/2014,"2,170",400
20/04/2014,"2,275",335
21/04/2014,"2,499",452
22/04/2014,"4,160",676
23/04/2014,"3,667",670
24/04/2014,"4,179",842
25/04/2014,"3,788",703
26/04/2014,"2,438",444
27/04/2014,"2,412",413
28/04/2014,"3,105",615
29/04/2014,"3,618",700
30/04/2014,"3,559",628
1/05/2014,"2,544",531
2/05/2014,"3,397",557
3/05/2014,"2,887",375
4/05/2014,"2,280",405
5/05/2014,"3,461",595
6/05/2014,"4,065",715
7/05/2014,"4,548",744
8/05/2014,"3,754",685
9/05/2014,"3,428",616
10/05/2014,"2,629",456
11/05/2014,"2,245",395
12/05/2014,"2,999",531
13/05/2014,"3,865",630
14/05/2014,"3,729",602
15/05/2014,"3,863",633
16/05/2014,"3,223",571
17/05/2014,"3,035",422
18/05/2014,"2,235",372
19/05/2014,"3,147",532
20/05/2014,"3,987",739
21/05/2014,"3,095",614
22/05/2014,"3,134",644
23/05/2014,"3,097",582
24/05/2014,"2,686",504
25/05/2014,"2,314",384
26/05/2014,"3,145",589
27/05/2014,"3,554",598
28/05/2014,"4,205",653
29/05/2014,"3,495",587
30/05/2014,"3,981",556
31/05/2014,"2,525",419
1/06/2014,"2,099",355
2/06/2014,"3,585",554
3/06/2014,"3,619",587
4/06/2014,"3,741",555
5/06/2014,"2,782",573
6/06/2014,"3,003",519
7/06/2014,"2,342",349
8/06/2014,"2,181",285
9/06/2014,"2,721",456
10/06/2014,"3,679",624
11/06/2014,"4,001",727
12/06/2014,"3,597",605
13/06/2014,"2,595",467
14/06/2014,"2,055",377
15/06/2014,"1,686",311
16/06/2014,"2,569",504
17/06/2014,"3,092",536
18/06/2014,"3,456",558
19/06/2014,"2,978",564
20/06/2014,"2,550",466
21/06/2014,"2,142",347
22/06/2014,"1,615",262
23/06/2014,"2,872",423
24/06/2014,"2,920",518
25/06/2014,"2,852",467
26/06/2014,"3,313",580
27/06/2014,"2,191",418
28/06/2014,"1,957",429
29/06/2014,"1,550",274
30/06/2014,"2,459",441
1/07/2014,"2,905",436
2/07/2014,"2,868",473
3/07/2014,"2,951",455
4/07/2014,"2,779",412
5/07/2014,"1,887",242
6/07/2014,"1,694",235
7/07/2014,"2,568",415
8/07/2014,"3,305",494
9/07/2014,"3,701",484
10/07/2014,"3,302",456
11/07/2014,"3,375",442
12/07/2014,"1,873",307
13/07/2014,"2,417",241
14/07/2014,"2,400",432
15/07/2014,"2,808",481
16/07/2014,"3,293",481
17/07/2014,"2,755",445
18/07/2014,"2,674",408
19/07/2014,"2,059",314
20/07/2014,"1,402",232
21/07/2014,"2,125",423
22/07/2014,"3,109",534
23/07/2014,"3,474",483
24/07/2014,"3,733",558
25/07/2014,"2,948",503
26/07/2014,"1,847",314
27/07/2014,"1,527",283
28/07/2014,"2,600",428
29/07/2014,"3,082",553
30/07/2014,"3,506",542
31/07/2014,"3,122",516
1/08/2014,"2,663",402
2/08/2014,"1,897",332
3/08/2014,"1,571",274
4/08/2014,"2,962",431
5/08/2014,"3,293",542
6/08/2014,"3,608",570
7/08/2014,"3,274",496
8/08/2014,"2,850",457
9/08/2014,"1,788",333
10/08/2014,"1,306",248
11/08/2014,"2,336",404
12/08/2014,"2,727",459
13/08/2014,"3,278",482
14/08/2014,"2,896",513
15/08/2014,"2,571",480
16/08/2014,"1,852",351
17/08/2014,"1,457",294
18/08/2014,"2,694",442
19/08/2014,"3,565",612
20/08/2014,"3,567",588
21/08/2014,"3,580",493
22/08/2014,"3,193",526
23/08/2014,"2,099",329
24/08/2014,"2,078",288
25/08/2014,"2,668",488
26/08/2014,"3,632",611
27/08/2014,"3,157",550
28/08/2014,"3,322",543
29/08/2014,"3,409",548
30/08/2014,"2,004",318
31/08/2014,"1,799",275
1/09/2014,"2,752",438
2/09/2014,"3,096",496
3/09/2014,"3,979",699
4/09/2014,"4,279",867
5/09/2014,"3,163",594
6/09/2014,"2,174",347
7/09/2014,"2,242",330
8/09/2014,"3,287",555
9/09/2014,"5,258",801
10/09/2014,"3,676",690
11/09/2014,"3,906",705
12/09/2014,"3,148",566
13/09/2014,"2,186",378
14/09/2014,"1,890",333
15/09/2014,"3,930",632
16/09/2014,"5,103",707
17/09/2014,"4,440",804
18/09/2014,"4,013",718
19/09/2014,"3,582",647
20/09/2014,"2,559",518
21/09/2014,"2,866",624
22/09/2014,"7,518","1,380"
23/09/2014,"7,601","1,259"
24/09/2014,"4,983",869
25/09/2014,"4,608",830
26/09/2014,"3,941",675
27/09/2014,"2,588",504
28/09/2014,"2,386",452
29/09/2014,"4,439",718
30/09/2014,"4,632",827
1/10/2014,"4,651",777
2/10/2014,"3,727",768
3/10/2014,"3,636",596
4/10/2014,"2,505",404
5/10/2014,"2,296",379
6/10/2014,"3,634",586
7/10/2014,"4,322",799
8/10/2014,"3,635",722
9/10/2014,"4,098",800
10/10/2014,"4,414",718
11/10/2014,"2,863",530
12/10/2014,"2,277",415
13/10/2014,"3,907",683
14/10/2014,"4,380",757
15/10/2014,"4,586",858
16/10/2014,"4,465",809
17/10/2014,"3,958",839
18/10/2014,"2,865",567
19/10/2014,"2,320",441
20/10/2014,"4,181",705
21/10/2014,"5,125",944
22/10/2014,"4,831",830
23/10/2014,"5,655",832
24/10/2014,"4,595",709
25/10/2014,"3,206",528
26/10/2014,"2,202",429
27/10/2014,"3,766",700
28/10/2014,"4,149",857
29/10/2014,"4,500",870
30/10/2014,"4,999",873
31/10/2014,"3,874",734
1/11/2014,"2,483",503
2/11/2014,"2,284",457
3/11/2014,"3,575",708
4/11/2014,"4,473",925
5/11/2014,"4,953",905
6/11/2014,"4,149",895
7/11/2014,"3,898",788
8/11/2014,"3,564",628
9/11/2014,"2,622",499
10/11/2014,"4,399",777
11/11/2014,"4,347",914
12/11/2014,"4,821",872
13/11/2014,"4,707",897
14/11/2014,"4,101",834
15/11/2014,"3,059",614
16/11/2014,"2,360",543
17/11/2014,"3,580",755
18/11/2014,"4,877",918
19/11/2014,"5,427","1,076"
20/11/2014,"4,363",975
21/11/2014,"3,974",886
22/11/2014,"3,612",641
23/11/2014,"2,651",536
24/11/2014,"4,366",868
25/11/2014,"5,089","1,170"
26/11/2014,"4,788","1,125"
27/11/2014,"4,043",956
28/11/2014,"3,803",775
29/11/2014,"3,428",645
30/11/2014,"3,229",731
1/12/2014,"4,128",990
2/12/2014,"5,278","1,168"
3/12/2014,"5,214","1,227"
4/12/2014,"4,754","1,174"
5/12/2014,"4,328","1,056"
6/12/2014,"3,785",790
7/12/2014,"2,920",692
8/12/2014,"4,810","1,082"
9/12/2014,"5,632","1,191"
10/12/2014,"5,283","1,255"
11/12/2014,"5,060","1,192"
12/12/2014,"4,509","1,062"
13/12/2014,"3,435",812
14/12/2014,"2,742",640
15/12/2014,"4,222",966
16/12/2014,"4,457",976
17/12/2014,"4,121",919
18/12/2014,"4,137",900
19/12/2014,"4,054",830
20/12/2014,"2,460",489
21/12/2014,"2,391",394
22/12/2014,"3,260",545
23/12/2014,"3,275",604
24/12/2014,"3,220",502
25/12/2014,"1,902",303
26/12/2014,"2,009",325
27/12/2014,"1,817",352
28/12/2014,"1,946",325
29/12/2014,"3,020",490
30/12/2014,"3,248",537
31/12/2014,"2,981",476
1/01/2015,"2,067",308
2/01/2015,"2,134",388
3/01/2015,"2,723",441
4/01/2015,"2,566",396
5/01/2015,"3,073",582
6/01/2015,"4,249",742
7/01/2015,"4,484",863
8/01/2015,"4,948",831
9/01/2015,"4,346",779
10/01/2015,"2,871",536
11/01/2015,"2,776",461
12/01/2015,"4,014",714
13/01/2015,"2,395",522
14/01/2015,"5,290","1,127"
15/01/2015,"7,629","1,551"
16/01/2015,"6,102",990
17/01/2015,"3,478",656
18/01/2015,"2,882",509
19/01/2015,"4,577",803
20/01/2015,"5,473",974
21/01/2015,"5,640","1,043"
22/01/2015,"5,197","1,015"
23/01/2015,"5,024",972
24/01/2015,"3,378",657
25/01/2015,"2,406",521
26/01/2015,"4,715",886
27/01/2015,"5,268","1,078"
28/01/2015,"5,134","1,111"
29/01/2015,"6,015","1,259"
30/01/2015,"5,873","1,101"
31/01/2015,"4,315",814
1/02/2015,"3,230",673
2/02/2015,"4,519",988
3/02/2015,"6,145","1,211"
4/02/2015,"6,330","1,245"
5/02/2015,"5,809","1,126"
6/02/2015,"5,993","1,109"
7/02/2015,"4,203",788
8/02/2015,"2,619",602
9/02/2015,"4,602","1,023"
10/02/2015,"4,744","1,069"
11/02/2015,"6,040","1,204"
12/02/2015,"5,725","1,176"
13/02/2015,"5,470","1,107"
14/02/2015,"3,433",668
15/02/2015,"2,480",539
16/02/2015,"3,945",906
17/02/2015,"5,153","1,097"
18/02/2015,"5,012","1,075"
19/02/2015,"4,345",975
20/02/2015,"5,731","1,118"
21/02/2015,"3,710",793
22/02/2015,"3,527",662
23/02/2015,"4,722","1,049"
24/02/2015,"5,940","1,323"
25/02/2015,"6,125","1,304"
26/02/2015,"5,853","1,335"
27/02/2015,"5,237","1,145"
28/02/2015,"4,010",827
1/03/2015,"3,222",701
2/03/2015,"4,649","1,067"
3/03/2015,"6,204","1,307"
4/03/2015,"6,585","1,285"
5/03/2015,"6,113","1,297"
6/03/2015,"5,791","1,115"
7/03/2015,"4,032",835
8/03/2015,"3,236",695
9/03/2015,"4,511","1,014"
10/03/2015,"5,988","1,292"
11/03/2015,"6,726","1,293"
12/03/2015,"5,967","1,249"
13/03/2015,"5,814","1,218"
14/03/2015,"4,125",847
15/03/2015,"3,695",725
16/03/2015,"5,325","1,077"
17/03/2015,"6,121","1,280"
18/03/2015,"7,071","1,319"
19/03/2015,"6,859","1,354"
20/03/2015,"6,650","1,263"
21/03/2015,"4,542",887
22/03/2015,"4,596",788
23/03/2015,"5,390","1,180"
24/03/2015,"7,831","1,441"
25/03/2015,"6,859","1,407"
26/03/2015,"6,257","1,258"
27/03/2015,"5,757","1,206"
28/03/2015,"4,497",920
29/03/2015,"3,622",756
30/03/2015,"5,543","1,192"
31/03/2015,"6,885","1,462"
1/04/2015,"5,949","1,334"
2/04/2015,"5,466","1,238"
3/04/2015,"5,559","1,028"
4/04/2015,"3,954",736
5/04/2015,"3,587",696
6/04/2015,"4,707",932
7/04/2015,"6,456","1,317"
8/04/2015,"6,482","1,320"
9/04/2015,"6,690","1,318"
10/04/2015,"7,850","1,507"
11/04/2015,"5,613",969
12/04/2015,"4,527",766
13/04/2015,"6,181","1,266"
14/04/2015,"7,851","1,459"
15/04/2015,"7,474","1,469"
16/04/2015,"6,824","1,390"
17/04/2015,"6,512","1,277"
18/04/2015,"4,931",991
19/04/2015,"4,304",821
20/04/2015,"6,438","1,250"
21/04/2015,"7,778","1,539"
22/04/2015,"6,916","1,453"
23/04/2015,"6,193","1,461"
24/04/2015,"6,210","1,353"
25/04/2015,"4,445",999
26/04/2015,"4,390",889
27/04/2015,"6,298","1,295"
28/04/2015,"8,960","1,563"
29/04/2015,"7,586","1,486"
30/04/2015,"7,431","1,436"
1/05/2015,"6,088","1,166"
2/05/2015,"4,790",901
3/05/2015,"4,118",758
4/05/2015,"5,850","1,221"
5/05/2015,"7,223","1,465"
6/05/2015,"6,522","1,294"
7/05/2015,"6,370","1,337"
8/05/2015,"7,243","1,159"
9/05/2015,"4,193",799
10/05/2015,"3,447",761
11/05/2015,"5,129","1,137"
12/05/2015,"5,850","1,258"
13/05/2015,"6,319","1,286"
14/05/2015,"5,763","1,212"
15/05/2015,"5,549","1,042"
16/05/2015,"3,963",771
17/05/2015,"3,701",758
18/05/2015,"5,295",961
19/05/2015,"6,052","1,173"
20/05/2015,"6,270","1,209"
21/05/2015,"6,380","1,173"
22/05/2015,"5,813","1,037"
23/05/2015,"4,275",919
24/05/2015,"3,716",716
25/05/2015,"4,759",865
26/05/2015,"5,762","1,078"
27/05/2015,"6,184","1,208"
28/05/2015,"6,878","1,198"
29/05/2015,"5,236","1,001"
30/05/2015,"3,899",736
31/05/2015,"2,988",617
1/06/2015,"4,983",919
2/06/2015,"5,928","1,114"
3/06/2015,"5,509","1,025"
4/06/2015,"5,602","1,091"
5/06/2015,"4,867","1,012"
6/06/2015,"3,810",715
7/06/2015,"2,951",586
8/06/2015,"4,863",880
9/06/2015,"6,735","1,209"
10/06/2015,"6,300","1,177"
11/06/2015,"6,009","1,086"
12/06/2015,"5,669",955
13/06/2015,"4,252",683
14/06/2015,"3,526",600
15/06/2015,"5,255",954
16/06/2015,"6,108","1,042"
17/06/2015,"5,903","1,054"
18/06/2015,"6,227","1,067"
19/06/2015,"5,621",963
20/06/2015,"3,774",673
21/06/2015,"3,238",549
22/06/2015,"4,743",859
23/06/2015,"6,567","1,145"
24/06/2015,"6,066","1,083"
25/06/2015,"5,939","1,055"
26/06/2015,"5,505","1,008"
27/06/2015,"3,707",682
28/06/2015,"3,217",503
29/06/2015,"5,109",866
30/06/2015,"5,759","1,005"
1/07/2015,"5,438",955
2/07/2015,"5,137",944
3/07/2015,"5,393",839
4/07/2015,"2,729",429
5/07/2015,"2,273",426
6/07/2015,"4,049",750
7/07/2015,"5,470","1,017"
8/07/2015,"5,382","1,036"
9/07/2015,"5,294",930
10/07/2015,"5,196",879
11/07/2015,"3,101",565
12/07/2015,"2,775",412
13/07/2015,"4,424",819
14/07/2015,"5,604","1,038"
15/07/2015,"5,040",896
16/07/2015,"4,958",865
17/07/2015,"4,343",789
18/07/2015,"3,005",579
19/07/2015,"2,393",459
20/07/2015,"4,050",733
21/07/2015,"5,394","1,023"
22/07/2015,"5,256",980
23/07/2015,"4,901",931
24/07/2015,"4,395",932
25/07/2015,"2,911",595
26/07/2015,"2,141",481
27/07/2015,"3,833",855
28/07/2015,"5,130","1,092"
29/07/2015,"5,123","1,016"
30/07/2015,"4,491","1,009"
31/07/2015,"4,951",940
1/08/2015,"2,691",575
2/08/2015,"2,390",541
3/08/2015,"4,416",860
4/08/2015,"5,115","1,024"
5/08/2015,"4,951","1,051"
6/08/2015,"5,371","1,047"
7/08/2015,"4,369",833
8/08/2015,"2,970",540
9/08/2015,"1,971",450
10/08/2015,"3,524",746
11/08/2015,"5,211","1,001"
12/08/2015,"5,180","1,012"
13/08/2015,"4,684",993
14/08/2015,"4,770",898
15/08/2015,"3,050",597
16/08/2015,"2,498",509
17/08/2015,"4,282",774
18/08/2015,"4,972","1,061"
19/08/2015,"4,949",958
20/08/2015,"5,340",995
21/08/2015,"4,624",894
22/08/2015,"2,910",615
23/08/2015,"2,733",504
24/08/2015,"4,220",794
25/08/2015,"5,045",950
26/08/2015,"5,218",976
27/08/2015,"4,674",944
28/08/2015,"4,863",857
29/08/2015,"3,019",549
30/08/2015,"2,312",438
31/08/2015,"4,272",765
1/09/2015,"5,193",983
2/09/2015,"5,456",992
3/09/2015,"5,501",987
4/09/2015,"5,034",896
5/09/2015,"3,196",640
6/09/2015,"2,536",528
7/09/2015,"4,380",803
8/09/2015,"5,315","1,034"
9/09/2015,"6,227","1,157"
10/09/2015,"5,489","1,176"
11/09/2015,"5,353","1,110"
12/09/2015,"3,549",716
13/09/2015,"2,815",587
14/09/2015,"5,158","1,078"
15/09/2015,"6,560","1,250"
16/09/2015,"5,534","1,199"
17/09/2015,"5,531","1,279"
18/09/2015,"4,885","1,009"
19/09/2015,"3,463",770
20/09/2015,"2,712",661
21/09/2015,"4,878","1,117"
22/09/2015,"7,031","1,376"
23/09/2015,"5,681","1,262"
24/09/2015,"6,488","1,355"
25/09/2015,"5,659","1,151"
26/09/2015,"3,687",771
27/09/2015,"2,904",696
28/09/2015,"5,664","1,195"
29/09/2015,"7,007","1,396"
30/09/2015,"6,580","1,486"
1/10/2015,"6,724","1,487"
2/10/2015,"6,356","1,230"
3/10/2015,"3,899",856
4/10/2015,"3,027",671
5/10/2015,"6,719","1,185"
6/10/2015,"7,241","1,424"
7/10/2015,"6,243","1,576"
8/10/2015,"6,900","1,508"
9/10/2015,"7,309","1,328"
10/10/2015,"4,634",870
11/10/2015,"3,872",812
12/10/2015,"5,637","1,240"
13/10/2015,"7,035","1,502"
14/10/2015,"7,328","1,504"
15/10/2015,"6,926","1,547"
16/10/2015,"8,830","1,416"
17/10/2015,"4,402",967
18/10/2015,"3,710",869
19/10/2015,"6,085","1,334"
20/10/2015,"7,558","1,624"
21/10/2015,"7,101","1,521"
22/10/2015,"6,539","1,446"
23/10/2015,"5,955","1,299"
24/10/2015,"5,087",977
25/10/2015,"3,474",796
26/10/2015,"5,449","1,310"
27/10/2015,"7,542","1,555"
28/10/2015,"7,334","1,515"
29/10/2015,"7,268","1,447"
30/10/2015,"6,240","1,381"
31/10/2015,"4,542",903
1/11/2015,"3,943","1,020"
2/11/2015,"6,310","1,190"
3/11/2015,"7,821","1,584"
4/11/2015,"7,414","1,468"
5/11/2015,"7,196","1,605"
6/11/2015,"6,789","1,502"
7/11/2015,"4,530","1,031"
8/11/2015,"4,066",904
9/11/2015,"5,708","1,209"
10/11/2015,"6,835","1,469"
11/11/2015,"6,672","1,458"
12/11/2015,"6,754","1,414"
13/11/2015,"7,178","1,353"
14/11/2015,"4,477",997
15/11/2015,"4,009",871
16/11/2015,"5,824","1,272"
17/11/2015,"7,659","1,661"
18/11/2015,"7,450","1,629"
19/11/2015,"7,984","1,629"
20/11/2015,"7,837","1,545"
21/11/2015,"4,734","1,123"
22/11/2015,"3,907",962
23/11/2015,"6,425","1,387"
24/11/2015,"7,757","1,750"
25/11/2015,"6,794","1,586"
26/11/2015,"6,555","1,463"
27/11/2015,"5,275","1,243"
28/11/2015,"3,931",969
29/11/2015,"4,047",955
30/11/2015,"6,523","1,403"
1/12/2015,"8,144","1,706"
2/12/2015,"7,449","1,783"
3/12/2015,"7,228","1,903"
4/12/2015,"6,781","1,680"
5/12/2015,"4,912","1,304"
6/12/2015,"4,298","1,018"
7/12/2015,"6,480","1,580"
8/12/2015,"7,568","1,977"
9/12/2015,"7,387","1,887"
10/12/2015,"8,259","1,924"
11/12/2015,"7,299","1,735"
12/12/2015,"4,691","1,172"
13/12/2015,"4,188",940
14/12/2015,"5,892","1,551"
15/12/2015,"6,508","1,711"
16/12/2015,"6,654","1,596"
17/12/2015,"6,333","1,492"
18/12/2015,"5,872","1,224"
19/12/2015,"3,720","1,126"
20/12/2015,"2,503",647
21/12/2015,"4,069",897
22/12/2015,"5,395","1,040"
23/12/2015,"4,797",905
24/12/2015,"4,045",764
25/12/2015,"2,491",433
26/12/2015,"2,086",431
27/12/2015,"2,325",460
28/12/2015,"3,317",706
29/12/2015,"4,146",790
30/12/2015,"4,404",796
31/12/2015,"3,729",648
1/01/2016,"2,176",363
2/01/2016,"2,318",480
3/01/2016,"2,861",544
4/01/2016,"4,491",803
5/01/2016,"6,179","1,139"
6/01/2016,"6,237","1,175"
7/01/2016,"6,385","1,235"
8/01/2016,"5,531","1,097"
9/01/2016,"4,757",883
10/01/2016,"3,226",665
11/01/2016,"5,953","1,108"
12/01/2016,"7,134","1,460"
13/01/2016,"7,041","1,524"
14/01/2016,"6,499","1,352"
15/01/2016,"6,360","1,319"
16/01/2016,"4,608",915
17/01/2016,"3,402",680
18/01/2016,"5,609","1,215"
19/01/2016,"7,367","1,365"
20/01/2016,"7,600","1,473"
21/01/2016,"7,006","1,428"
22/01/2016,"6,844","1,521"
23/01/2016,"4,763","1,003"
24/01/2016,"4,143",816
25/01/2016,"5,893","1,166"
26/01/2016,"7,392","1,505"
27/01/2016,"7,941","1,617"
28/01/2016,"7,824","1,548"
29/01/2016,"6,520","1,439"
30/01/2016,"4,941","1,026"
31/01/2016,"3,570",798
1/02/2016,"6,577","1,363"
2/02/2016,"7,394","1,707"
3/02/2016,"7,548","1,775"
4/02/2016,"7,315","1,639"
5/02/2016,"6,279","1,602"
6/02/2016,"4,316","1,121"
7/02/2016,"3,503",855
8/02/2016,"5,223","1,208"
9/02/2016,"7,061","1,691"
10/02/2016,"7,645","1,806"
11/02/2016,"6,853","1,631"
12/02/2016,"6,938","1,633"
13/02/2016,"4,273","1,103"
14/02/2016,"3,616",804
15/02/2016,"5,885","1,259"
16/02/2016,"7,564","1,728"
17/02/2016,"7,623","1,734"
18/02/2016,"8,108","1,788"
19/02/2016,"7,472","1,566"
20/02/2016,"5,171","1,121"
21/02/2016,"3,961",900
22/02/2016,"7,525","1,505"
23/02/2016,"9,550","1,957"
24/02/2016,"8,018","1,849"
25/02/2016,"7,560","1,726"
26/02/2016,"7,099","1,687"
27/02/2016,"5,258","1,245"
28/02/2016,"5,047","1,124"
29/02/2016,"7,804","1,680"
1/03/2016,"8,325","1,934"
2/03/2016,"8,825","2,039"
3/03/2016,"9,159","1,999"
4/03/2016,"7,871","1,745"
5/03/2016,"5,598","1,192"
6/03/2016,"5,180","1,023"
7/03/2016,"6,973","1,543"
8/03/2016,"9,189","1,921"
9/03/2016,"9,448","2,047"
10/03/2016,"8,470","1,815"
11/03/2016,"8,144","1,743"
12/03/2016,"5,800","1,158"
13/03/2016,"4,668",987
14/03/2016,"7,128","1,602"
15/03/2016,"9,385","1,929"
16/03/2016,"8,179","1,828"
17/03/2016,"8,095","1,797"
18/03/2016,"7,684","1,570"
19/03/2016,"6,040","1,159"
20/03/2016,"6,306","1,077"
21/03/2016,"8,325","1,388"
22/03/2016,"8,848","1,819"
23/03/2016,"8,006","1,733"
24/03/2016,"7,391","1,545"
25/03/2016,"6,170","1,226"
26/03/2016,"4,930",943
27/03/2016,"4,133",896
28/03/2016,"5,751","1,199"
29/03/2016,"8,362","1,784"
30/03/2016,"8,126","1,816"
31/03/2016,"8,269","1,849"
1/04/2016,"7,496","1,650"
2/04/2016,"5,846","1,167"
3/04/2016,"5,341","1,110"
4/04/2016,"8,319","1,698"
5/04/2016,"9,249","1,990"
6/04/2016,"10,186","2,039"
7/04/2016,"9,088","2,013"
8/04/2016,"7,909","1,765"
9/04/2016,"6,725","1,265"
10/04/2016,"5,951","1,092"
11/04/2016,"8,323","1,793"
12/04/2016,"11,512","2,151"
13/04/2016,"10,901","2,085"
14/04/2016,"9,703","1,969"
15/04/2016,"8,931","1,762"
16/04/2016,"6,348","1,235"
17/04/2016,"5,755","1,054"
18/04/2016,"7,625","1,703"
19/04/2016,"9,601","2,038"
20/04/2016,"9,308","1,976"
21/04/2016,"9,071","2,100"
22/04/2016,"8,499","1,932"
23/04/2016,"6,458","1,287"
24/04/2016,"6,179","1,198"
25/04/2016,"9,503","1,862"
26/04/2016,"10,666","2,191"
27/04/2016,"11,269","2,289"
28/04/2016,"8,749","2,062"
29/04/2016,"7,889","1,819"
30/04/2016,"5,508","1,215"
1/05/2016,"4,691","1,047"
2/05/2016,"7,634","1,683"
3/05/2016,"9,482","2,012"
4/05/2016,"9,889","2,149"
5/05/2016,"8,624","1,982"
6/05/2016,"7,517","1,794"
7/05/2016,"5,555","1,258"
8/05/2016,"4,554","1,046"
9/05/2016,"6,564","1,560"
10/05/2016,"8,730","1,890"
11/05/2016,"8,467","1,922"
12/05/2016,"8,090","1,850"
13/05/2016,"7,274","1,637"
14/05/2016,"5,531","1,256"
15/05/2016,"4,923","1,068"
16/05/2016,"6,143","1,386"
17/05/2016,"8,374","1,780"
18/05/2016,"8,810","1,666"
19/05/2016,"8,156","1,601"
20/05/2016,"7,644","1,632"
21/05/2016,"5,440","1,095"
22/05/2016,"4,899",974
23/05/2016,"6,654","1,472"
24/05/2016,"8,543","1,736"
25/05/2016,"8,827","1,685"
26/05/2016,"8,412","1,688"
27/05/2016,"7,843","1,524"
28/05/2016,"5,330","1,100"
29/05/2016,"4,835",917
30/05/2016,"7,647","1,824"
31/05/2016,"7,366","1,465"
1/06/2016,"8,167","1,640"
2/06/2016,"8,388","1,472"
3/06/2016,"8,702","1,569"
4/06/2016,"5,997",995
5/06/2016,"4,925",852
6/06/2016,"7,555","1,339"
7/06/2016,"8,076","1,563"
8/06/2016,"7,391","1,692"
9/06/2016,"7,215","1,618"
10/06/2016,"6,637","1,392"
11/06/2016,"4,519","1,003"
12/06/2016,"3,964",772
13/06/2016,"5,641","1,151"
14/06/2016,"6,752","1,569"
15/06/2016,"7,271","1,488"
16/06/2016,"6,948","1,395"
17/06/2016,"5,926","1,245"
18/06/2016,"4,261",895
19/06/2016,"3,742",778
20/06/2016,"6,853","1,254"
21/06/2016,"7,862","1,618"
22/06/2016,"8,456","1,671"
23/06/2016,"7,670","1,492"
24/06/2016,"6,645","1,231"
25/06/2016,"4,441",851
26/06/2016,"2,883",692
27/06/2016,"5,587","1,250"
28/06/2016,"7,064","1,396"
29/06/2016,"6,510","1,343"
30/06/2016,"6,253","1,377"
1/07/2016,"5,546","1,173"
2/07/2016,"3,565",755
3/07/2016,"2,634",572
4/07/2016,"4,845",972
5/07/2016,"5,774","1,060"
6/07/2016,"5,998","1,273"
7/07/2016,"6,617","1,282"
8/07/2016,"6,075","1,186"
9/07/2016,"4,013",763
10/07/2016,"3,113",624
11/07/2016,"5,038","1,099"
12/07/2016,"7,144","1,389"
13/07/2016,"7,141","1,389"
14/07/2016,"6,728","1,405"
15/07/2016,"6,126","1,236"
16/07/2016,"3,991",832
17/07/2016,"3,242",681
18/07/2016,"5,638","1,102"
19/07/2016,"7,102","1,410"
20/07/2016,"6,971","1,375"
21/07/2016,"6,870","1,462"
22/07/2016,"6,179","1,301"
23/07/2016,"4,108",914
24/07/2016,"3,316",737
25/07/2016,"6,281","1,218"
26/07/2016,"6,670","1,445"
27/07/2016,"7,120","1,485"
28/07/2016,"6,884","1,449"
29/07/2016,"6,218","1,256"
30/07/2016,"3,802",844
31/07/2016,"3,128",746
1/08/2016,"5,206","1,109"
2/08/2016,"7,238","1,454"
3/08/2016,"7,477","1,499"
4/08/2016,"7,666","1,583"
5/08/2016,"6,855","1,397"
6/08/2016,"4,417",908
7/08/2016,"3,559",734
8/08/2016,"5,391","1,165"
9/08/2016,"7,415","1,537"
10/08/2016,"6,855","1,340"
11/08/2016,"6,919","1,514"
12/08/2016,"5,970","1,283"
13/08/2016,"3,979",843
14/08/2016,"3,303",664
15/08/2016,"4,691","1,002"
16/08/2016,"7,008","1,379"
17/08/2016,"7,439","1,393"
18/08/2016,"6,619","1,362"
19/08/2016,"6,027","1,175"
20/08/2016,"4,567",940
21/08/2016,"3,854",786
22/08/2016,"5,608","1,233"
23/08/2016,"7,273","1,465"
24/08/2016,"7,284","1,475"
25/08/2016,"6,927","1,552"
26/08/2016,"6,279","1,350"
27/08/2016,"3,846",849
28/08/2016,"2,603",710
29/08/2016,"5,588","1,255"
30/08/2016,"7,818","1,624"
31/08/2016,"7,433","1,529"
1/09/2016,"7,208","1,563"
2/09/2016,"6,190","1,378"
3/09/2016,"4,225",916
4/09/2016,"3,539",752
5/09/2016,"5,859","1,167"
6/09/2016,"6,455","1,367"
7/09/2016,"7,355","1,612"
8/09/2016,"7,218","1,585"
9/09/2016,"6,578","1,505"
10/09/2016,"4,394","1,019"
11/09/2016,"3,177",807
12/09/2016,"6,155","1,351"
13/09/2016,"8,144","1,693"
14/09/2016,"7,798","1,715"
15/09/2016,"7,822","1,676"
16/09/2016,"7,310","1,641"
17/09/2016,"4,974","1,103"
18/09/2016,"3,821",963
19/09/2016,"6,993","1,701"
20/09/2016,"8,843","2,013"
21/09/2016,"8,056","1,978"
22/09/2016,"8,807","2,022"
23/09/2016,"8,501","1,767"
24/09/2016,"5,037","1,079"
25/09/2016,"3,800","1,086"
26/09/2016,"7,826","1,786"
27/09/2016,"9,207","2,008"
28/09/2016,"8,125","2,088"
29/09/2016,"8,303","1,952"
30/09/2016,"8,426","1,833"
1/10/2016,"5,016","1,141"
2/10/2016,"3,873",984
3/10/2016,"7,020","1,641"
4/10/2016,"8,047","2,128"
5/10/2016,"8,493","2,109"
6/10/2016,"9,287","2,089"
7/10/2016,"8,170","1,836"
8/10/2016,"5,255","1,284"
9/10/2016,"4,593","1,139"
10/10/2016,"6,675","1,608"
11/10/2016,"7,834","1,990"
12/10/2016,"10,005","2,234"
13/10/2016,"9,815","2,202"
14/10/2016,"9,272","1,883"
15/10/2016,"6,217","1,309"
16/10/2016,"4,926","1,167"
17/10/2016,"8,354","1,922"
18/10/2016,"9,709","2,290"
19/10/2016,"9,487","2,246"
20/10/2016,"9,601","2,257"
21/10/2016,"9,164","2,037"
22/10/2016,"5,694","1,305"
23/10/2016,"4,599","1,141"
24/10/2016,"8,144","1,845"
25/10/2016,"9,322","2,211"
26/10/2016,"9,324","2,151"
27/10/2016,"9,595","1,960"
28/10/2016,"8,898","1,823"
29/10/2016,"5,196","1,196"
30/10/2016,"4,476",906
31/10/2016,"6,564","1,497"
1/11/2016,"7,752","1,765"
2/11/2016,"8,315","1,937"
3/11/2016,"8,366","2,108"
4/11/2016,"7,664","1,840"
5/11/2016,"5,606","1,323"
6/11/2016,"5,116","1,129"
7/11/2016,"7,548","1,914"
8/11/2016,"9,196","2,148"
9/11/2016,"8,584","1,911"
10/11/2016,"8,297","1,897"
11/11/2016,"7,488","1,737"
12/11/2016,"5,158","1,202"
13/11/2016,"4,135","1,054"
14/11/2016,"7,336","1,735"
15/11/2016,"9,367","2,299"
16/11/2016,"9,345","2,202"
17/11/2016,"9,291","2,259"
18/11/2016,"8,446","1,970"
19/11/2016,"5,766","1,437"
20/11/2016,"4,809","1,179"
21/11/2016,"8,972","1,820"
22/11/2016,"8,800","2,257"
23/11/2016,"8,277","2,131"
24/11/2016,"8,257","2,022"
25/11/2016,"6,643","1,584"
26/11/2016,"4,494","1,208"
27/11/2016,"4,696","1,225"
28/11/2016,"7,985","1,987"
29/11/2016,"9,273","2,339"
30/11/2016,"9,989","2,817"
1/12/2016,"9,937","2,806"
2/12/2016,"9,782","2,499"
3/12/2016,"6,288","1,750"
4/12/2016,"5,442","1,392"
5/12/2016,"8,378","2,133"
6/12/2016,"10,551","2,647"
7/12/2016,"10,121","2,576"
8/12/2016,"8,843","2,346"
9/12/2016,"8,150","2,247"
10/12/2016,"5,787","1,595"
11/12/2016,"5,280","1,441"
12/12/2016,"7,311","1,850"
13/12/2016,"9,222","2,273"
14/12/2016,"8,938","2,344"
15/12/2016,"8,764","2,366"
16/12/2016,"8,047","1,977"
17/12/2016,"5,749","1,314"
18/12/2016,"4,000","1,034"
19/12/2016,"5,180","1,385"
20/12/2016,"6,826","1,514"
21/12/2016,"7,048","1,421"
22/12/2016,"6,736","1,364"
23/12/2016,"5,113","1,009"
24/12/2016,"3,424",705
25/12/2016,"1,904",461
26/12/2016,"3,224",674
27/12/2016,"4,239",849
28/12/2016,"4,792",964
29/12/2016,"5,501","1,018"
30/12/2016,"5,303",921
31/12/2016,"3,322",638
1/01/2017,"2,295",430
2/01/2017,"4,251",799
3/01/2017,"6,225","1,204"
4/01/2017,"6,972","1,386"
5/01/2017,"7,856","1,541"
6/01/2017,"7,291","1,337"
7/01/2017,"5,155","1,011"
8/01/2017,"3,829",899
9/01/2017,"6,194","1,214"
10/01/2017,"8,087","1,601"
11/01/2017,"8,073","1,613"
12/01/2017,"8,094","1,732"
13/01/2017,"6,992","1,516"
14/01/2017,"5,014","1,152"
15/01/2017,"4,375",963
16/01/2017,"6,612","1,361"
17/01/2017,"8,179","1,791"
18/01/2017,"8,931","1,969"
19/01/2017,"8,377","1,937"
20/01/2017,"7,914","1,701"
21/01/2017,"4,822","1,131"
22/01/2017,"4,457",954
23/01/2017,"7,846","1,697"
24/01/2017,"9,131","1,880"
25/01/2017,"9,213","2,442"
26/01/2017,"8,094","1,791"
27/01/2017,"7,199","1,646"
28/01/2017,"5,133","1,094"
29/01/2017,"4,003",932
30/01/2017,"7,058","1,564"
31/01/2017,"8,572","2,003"
1/02/2017,"8,865","1,964"
2/02/2017,"8,502","2,043"
3/02/2017,"8,230","1,815"
4/02/2017,"5,662","1,276"
5/02/2017,"4,846","1,065"
6/02/2017,"7,739","1,652"
7/02/2017,"9,548","2,112"
8/02/2017,"8,931","2,064"
9/02/2017,"8,943","1,957"
10/02/2017,"8,474","1,909"
11/02/2017,"5,442","1,319"
12/02/2017,"4,149","1,097"
13/02/2017,"6,996","1,639"
14/02/2017,"8,798","2,065"
15/02/2017,"8,278","1,961"
16/02/2017,"8,471","2,069"
17/02/2017,"8,057","1,935"
18/02/2017,"5,540","1,326"
19/02/2017,"4,857","1,125"
20/02/2017,"7,047","1,673"
21/02/2017,"9,167","2,185"
22/02/2017,"10,474","2,201"
23/02/2017,"9,557","2,109"
24/02/2017,"8,246","1,831"
25/02/2017,"6,056","1,410"
26/02/2017,"5,101","1,250"
27/02/2017,"8,025","1,912"
28/02/2017,"11,679","2,676"
1/03/2017,"10,511","2,412"
2/03/2017,"9,858","2,267"
3/03/2017,"8,597","1,971"
4/03/2017,"5,826","1,404"
5/03/2017,"4,669","1,334"
6/03/2017,"7,844","1,837"
7/03/2017,"9,965","2,331"
8/03/2017,"10,472","2,236"
9/03/2017,"9,276","2,062"
10/03/2017,"8,429","1,854"
11/03/2017,"6,027","1,335"
12/03/2017,"4,877","1,105"
13/03/2017,"7,536","1,715"
14/03/2017,"9,025","2,009"
15/03/2017,"9,558","2,085"
16/03/2017,"9,209","2,006"
17/03/2017,"8,594","1,831"
18/03/2017,"5,802","1,307"
19/03/2017,"5,003","1,142"
20/03/2017,"8,444","1,802"
21/03/2017,"9,938","2,281"
22/03/2017,"11,336","2,294"
23/03/2017,"11,257","2,330"
24/03/2017,"9,213","2,039"
25/03/2017,"6,196","1,307"
26/03/2017,"4,575","1,112"
27/03/2017,"8,010","1,833"
28/03/2017,"10,716","2,144"
29/03/2017,"9,420","2,068"
30/03/2017,"9,031","2,042"
31/03/2017,"9,253","2,056"
1/04/2017,"6,249","1,282"
2/04/2017,"5,683","1,146"
3/04/2017,"7,972","1,733"
4/04/2017,"9,799","2,098"
5/04/2017,"9,462","2,010"
6/04/2017,"10,198","2,230"
7/04/2017,"9,905","2,103"
8/04/2017,"6,216","1,394"
9/04/2017,"6,066","1,198"
10/04/2017,"8,179","1,909"
11/04/2017,"9,734","2,174"
12/04/2017,"9,494","2,025"
13/04/2017,"8,475","1,867"
14/04/2017,"6,954","1,508"
15/04/2017,"5,519","1,165"
16/04/2017,"5,486",985
17/04/2017,"7,475","1,544"
18/04/2017,"11,032","2,126"
19/04/2017,"10,398","2,209"
20/04/2017,"10,120","2,392"
21/04/2017,"9,532","2,035"
22/04/2017,"6,452","1,393"
23/04/2017,"6,670","1,216"
24/04/2017,"9,003","1,802"
25/04/2017,"10,785","2,317"
26/04/2017,"10,392","2,292"
27/04/2017,"9,481","2,128"
28/04/2017,"8,887","1,910"
29/04/2017,"5,973","1,293"
30/04/2017,"5,318","1,189"
1/05/2017,"7,863","1,913"
2/05/2017,"10,417","2,178"
3/05/2017,"10,225","2,116"
4/05/2017,"10,824","2,200"
5/05/2017,"9,243","1,962"
6/05/2017,"5,750","1,271"
7/05/2017,"5,393","1,237"
8/05/2017,"7,569","1,786"
9/05/2017,"8,859","2,040"
10/05/2017,"9,679","2,041"
11/05/2017,"8,793","2,091"
12/05/2017,"7,192","1,750"
13/05/2017,"5,425","1,202"
14/05/2017,"4,627","1,115"
15/05/2017,"7,276","1,681"
16/05/2017,"9,298","2,046"
17/05/2017,"9,485","2,086"
18/05/2017,"9,124","1,872"
19/05/2017,"8,274","1,728"
20/05/2017,"5,352","1,142"
21/05/2017,"5,028","1,072"
22/05/2017,"8,392","1,715"
23/05/2017,"8,814","1,765"
24/05/2017,"8,733","1,879"
25/05/2017,"8,027","1,672"
26/05/2017,"7,242","1,613"
27/05/2017,"5,361","1,045"
28/05/2017,"4,292",922
29/05/2017,"6,986","1,496"
30/05/2017,"7,576","1,583"
31/05/2017,"8,537","1,707"
1/06/2017,"9,647","1,840"
2/06/2017,"8,000","1,589"
3/06/2017,"5,899","1,218"
4/06/2017,"5,163",943
5/06/2017,"7,467","1,484"
6/06/2017,"9,477","1,734"
7/06/2017,"9,826","1,703"
8/06/2017,"9,163","1,702"
9/06/2017,"7,526","1,536"
10/06/2017,"4,867",998
11/06/2017,"3,837",855
12/06/2017,"7,160","1,420"
13/06/2017,"9,959","1,818"
14/06/2017,"8,297","1,642"
15/06/2017,"7,452","1,684"
16/06/2017,"7,316","1,367"
17/06/2017,"4,333",900
18/06/2017,"3,642",800
19/06/2017,"6,575","1,294"
20/06/2017,"7,794","1,732"
21/06/2017,"7,263","1,485"
22/06/2017,"6,999","1,461"
23/06/2017,"6,916","1,389"
24/06/2017,"4,764",902
25/06/2017,"2,919",616
26/06/2017,"5,597","1,056"
27/06/2017,"7,770","1,335"
28/06/2017,"7,450","1,300"
29/06/2017,"7,682","1,353"
30/06/2017,"6,937","1,301"
1/07/2017,"4,479",809
2/07/2017,"3,294",649
3/07/2017,"5,159","1,047"
4/07/2017,"6,410","1,192"
5/07/2017,"6,399","1,184"
6/07/2017,"7,074","1,306"
7/07/2017,"6,720","1,199"
8/07/2017,"4,142",766
9/07/2017,"3,370",656
10/07/2017,"5,431","1,077"
11/07/2017,"7,892","1,365"
12/07/2017,"7,169","1,337"
13/07/2017,"7,806","1,300"
14/07/2017,"6,474","1,129"
15/07/2017,"4,143",875
16/07/2017,"3,430",683
17/07/2017,"5,592","1,048"
18/07/2017,"7,493","1,404"
19/07/2017,"7,023","1,370"
20/07/2017,"6,749","1,405"
21/07/2017,"6,687","1,246"
22/07/2017,"4,280",865
23/07/2017,"3,578",719
24/07/2017,"5,655","1,255"
25/07/2017,"7,582","1,566"
26/07/2017,"7,808","1,458"
27/07/2017,"6,922","1,342"
28/07/2017,"6,143","1,222"
29/07/2017,"4,313",787
30/07/2017,"3,407",622
31/07/2017,"6,243","1,127"
1/08/2017,"6,557","1,331"
2/08/2017,"7,088","1,365"
3/08/2017,"6,609","1,258"
4/08/2017,"5,609","1,212"
5/08/2017,"3,711",807
6/08/2017,"3,109",583
7/08/2017,"5,016",980
8/08/2017,"6,672","1,306"
9/08/2017,"6,379","1,262"
10/08/2017,"6,969","1,271"
11/08/2017,"5,846","1,150"
12/08/2017,"3,684",736
13/08/2017,"3,145",613
14/08/2017,"5,554",994
15/08/2017,"4,365",804
16/08/2017,"7,316","1,409"
17/08/2017,"6,919","1,362"
18/08/2017,"6,503","1,216"
19/08/2017,"3,848",773
20/08/2017,"3,726",713
21/08/2017,"5,829","1,084"
22/08/2017,"7,212","1,348"
23/08/2017,"7,463","1,426"
24/08/2017,"6,580","1,327"
25/08/2017,"6,174","1,186"
26/08/2017,"3,934",761
27/08/2017,"3,626",699
28/08/2017,"5,945","1,082"
29/08/2017,"6,613","1,315"
30/08/2017,"6,932","1,350"
31/08/2017,"6,273","1,363"
1/09/2017,"5,527","1,165"
2/09/2017,"4,245",731
3/09/2017,"3,567",709
4/09/2017,"5,431","1,060"
5/09/2017,"6,237","1,269"
6/09/2017,"6,303","1,432"
7/09/2017,"6,932","1,519"
8/09/2017,"6,586","1,437"
9/09/2017,"4,211",984
10/09/2017,"3,379",840
11/09/2017,"5,624","1,362"
12/09/2017,"7,865","1,717"
13/09/2017,"6,919","1,639"
14/09/2017,"7,633","1,717"
15/09/2017,"6,220","1,669"
16/09/2017,"4,356","1,061"
17/09/2017,"4,193","1,007"
18/09/2017,"6,591","1,679"
19/09/2017,"9,097","1,930"
20/09/2017,"7,010","1,899"
21/09/2017,"7,893","1,935"
22/09/2017,"6,767","1,678"
23/09/2017,"4,410","1,117"
24/09/2017,"3,259",932
25/09/2017,"6,953","1,672"
26/09/2017,"9,214","2,190"
27/09/2017,"7,912","1,942"
28/09/2017,"7,974","1,957"
29/09/2017,"6,860","1,670"
30/09/2017,"4,348","1,046"
1/10/2017,"3,750",920
2/10/2017,"5,644","1,456"
3/10/2017,"9,012","2,061"
4/10/2017,"8,014","1,996"
5/10/2017,"8,357","2,083"
6/10/2017,"7,050","1,835"
7/10/2017,"5,419","1,387"
8/10/2017,"4,595","1,093"
9/10/2017,"7,005","1,689"
10/10/2017,"8,495","2,051"
11/10/2017,"8,386","2,222"
12/10/2017,"9,712","2,069"
13/10/2017,"9,920","1,884"
14/10/2017,"5,110","1,354"
15/10/2017,"4,912","1,122"
16/10/2017,"7,736","1,888"
17/10/2017,"9,056","2,168"
18/10/2017,"8,171","1,988"
19/10/2017,"7,509","1,933"
20/10/2017,"6,496","1,760"
21/10/2017,"5,081","1,267"
22/10/2017,"4,643","1,145"
23/10/2017,"6,967","1,756"
24/10/2017,"9,447","2,150"
25/10/2017,"8,522","2,098"
26/10/2017,"9,114","1,968"
27/10/2017,"8,193","1,942"
28/10/2017,"5,181","1,281"
29/10/2017,"4,983","1,168"
30/10/2017,"7,598","1,727"
31/10/2017,"9,168","2,071"
1/11/2017,"7,540","1,926"
2/11/2017,"8,381","1,976"
3/11/2017,"6,789","1,871"
4/11/2017,"5,220","1,370"
5/11/2017,"4,653","1,137"
6/11/2017,"7,467","1,758"
7/11/2017,"8,961","2,039"
8/11/2017,"8,366","2,139"
9/11/2017,"8,860","2,111"
10/11/2017,"8,106","1,995"
11/11/2017,"5,203","1,285"
12/11/2017,"4,827","1,108"
13/11/2017,"7,357","1,803"
14/11/2017,"8,930","2,196"
15/11/2017,"8,472","2,194"
16/11/2017,"7,867","2,053"
17/11/2017,"7,847","1,899"
18/11/2017,"5,064","1,410"
19/11/2017,"4,386","1,182"
20/11/2017,"6,205","1,667"
21/11/2017,"7,644","2,111"
22/11/2017,"7,555","1,906"
23/11/2017,"7,288","1,721"
24/11/2017,"5,614","1,466"
25/11/2017,"4,290","1,082"
26/11/2017,"4,634","1,174"
27/11/2017,"7,117","1,816"
28/11/2017,"8,573","2,255"
29/11/2017,"8,981","2,322"
30/11/2017,"8,326","2,276"
1/12/2017,"7,818","2,036"
2/12/2017,"5,293","1,357"
3/12/2017,"4,450","1,233"
4/12/2017,"7,167","1,942"
5/12/2017,"8,521","2,270"
6/12/2017,"7,763","2,131"
7/12/2017,"7,853","2,020"
8/12/2017,"7,115","1,992"
9/12/2017,"5,761","1,480"
10/12/2017,"4,815","1,324"
11/12/2017,"8,049","2,003"
12/12/2017,"8,453","2,175"
13/12/2017,"8,627","2,351"
14/12/2017,"8,071","2,193"
15/12/2017,"6,555","1,862"
16/12/2017,"4,596","1,218"
17/12/2017,"3,851",978
18/12/2017,"5,843","1,472"
19/12/2017,"7,449","1,713"
20/12/2017,"6,922","1,522"
21/12/2017,"5,193","1,318"
22/12/2017,"4,712","1,119"
23/12/2017,"2,992",664
24/12/2017,"2,065",509
25/12/2017,"2,347",593
26/12/2017,"2,853",697
27/12/2017,"3,768",938
28/12/2017,"4,568","1,048"
29/12/2017,"4,111",931
30/12/2017,"3,015",691
31/12/2017,"2,663",552
1/01/2018,"2,130",473
2/01/2018,"4,070",813
3/01/2018,"6,272","1,340"
4/01/2018,"5,963","1,404"
5/01/2018,"6,340","1,378"
6/01/2018,"4,132","1,036"
7/01/2018,"3,697",842
8/01/2018,"5,918","1,230"
9/01/2018,"7,382","1,596"
10/01/2018,"7,811","1,864"
11/01/2018,"6,655","1,523"
12/01/2018,"6,150","1,420"
13/01/2018,"4,274","1,021"
14/01/2018,"3,505",774
15/01/2018,"5,138","1,231"
16/01/2018,"6,777","1,472"
17/01/2018,"6,995","1,671"
18/01/2018,"6,966","1,648"
19/01/2018,"6,208","1,550"
20/01/2018,"4,247","1,116"
21/01/2018,"4,090",937
22/01/2018,"6,700","1,584"
23/01/2018,"11,584","2,120"
24/01/2018,"11,000","2,084"
25/01/2018,"10,462","2,006"
26/01/2018,"9,644","1,742"
27/01/2018,"7,075","1,237"
28/01/2018,"6,341","1,083"
29/01/2018,"9,223","1,678"
30/01/2018,"12,241","2,100"
31/01/2018,"12,083","2,082"
1/02/2018,"12,550","2,023"
2/02/2018,"11,737","1,973"
3/02/2018,"7,603","1,275"
4/02/2018,"7,074","1,241"
5/02/2018,"10,233","1,813"
6/02/2018,"13,297","2,322"
7/02/2018,"11,817","2,277"
8/02/2018,"12,454","2,090"
9/02/2018,"10,392","1,864"
10/02/2018,"7,812","1,561"
11/02/2018,"6,885","1,227"
12/02/2018,"10,259","1,894"
13/02/2018,"12,534","2,279"
14/02/2018,"11,002","2,156"
15/02/2018,"9,320","1,787"
16/02/2018,"9,334","1,771"
17/02/2018,"7,003","1,279"
18/02/2018,"5,939","1,070"
19/02/2018,"8,687","1,698"
20/02/2018,"12,207","2,215"
21/02/2018,"11,617","2,218"
22/02/2018,"11,891","2,048"
23/02/2018,"10,632","1,987"
24/02/2018,"7,280","1,432"
25/02/2018,"6,225","1,216"
26/02/2018,"9,975","1,847"
27/02/2018,"13,507","2,344"
28/02/2018,"13,148","2,283"
1/03/2018,"11,370","2,022"
2/03/2018,"10,357","1,968"
3/03/2018,"8,297","1,517"
4/03/2018,"6,999","1,269"
5/03/2018,"10,150","1,885"
6/03/2018,"13,981","2,288"
7/03/2018,"12,151","2,293"
8/03/2018,"12,995","2,326"
9/03/2018,"11,350","2,158"
10/03/2018,"7,690","1,516"
11/03/2018,"6,736","1,237"
12/03/2018,"9,168","1,843"
13/03/2018,"13,066","2,399"
14/03/2018,"13,010","2,322"
15/03/2018,"12,645","2,385"
16/03/2018,"12,307","2,357"
17/03/2018,"8,141","1,551"
18/03/2018,"6,276","1,260"
19/03/2018,"10,876","2,339"
20/03/2018,"14,441","2,424"
21/03/2018,"13,677","2,410"
22/03/2018,"13,014","2,285"
23/03/2018,"11,538","2,059"
24/03/2018,"8,253","1,482"
25/03/2018,"6,471","1,185"
26/03/2018,"11,773","2,082"
27/03/2018,"14,157","2,528"
28/03/2018,"13,057","2,269"
29/03/2018,"12,395","2,043"
30/03/2018,"9,418","1,654"
31/03/2018,"6,587","1,231"
1/04/2018,"6,746","1,060"
2/04/2018,"9,081","1,594"
3/04/2018,"13,315","2,223"
4/04/2018,"13,381","2,307"
5/04/2018,"13,365","2,293"
6/04/2018,"13,248","2,145"
7/04/2018,"8,307","1,476"
8/04/2018,"7,815","1,343"
9/04/2018,"11,779","2,136"
10/04/2018,"13,615","2,333"
11/04/2018,"13,729","2,287"
12/04/2018,"14,383","2,386"
13/04/2018,"12,468","2,237"
14/04/2018,"8,209","1,623"
15/04/2018,"8,180","1,460"
16/04/2018,"12,925","2,315"
17/04/2018,"16,427","2,751"
18/04/2018,"15,277","2,648"
19/04/2018,"15,418","2,670"
20/04/2018,"14,055","1,970"
21/04/2018,"7,967","1,066"
22/04/2018,"8,340","1,071"
23/04/2018,"13,346","1,680"
24/04/2018,"15,393","2,035"
25/04/2018,"14,227","1,793"
26/04/2018,"14,423","1,775"
27/04/2018,"11,458","1,520"
28/04/2018,"7,449","1,088"
29/04/2018,"7,012",857
30/04/2018,"9,517","1,294"
1/05/2018,"11,290","1,509"
2/05/2018,"13,271","1,774"
3/05/2018,"13,794","1,754"
4/05/2018,"10,953","1,539"
5/05/2018,"7,796","1,046"
6/05/2018,"6,902",789
7/05/2018,"10,435","1,286"
8/05/2018,"14,346","2,008"
9/05/2018,"12,574","1,843"
10/05/2018,"10,859","1,598"
11/05/2018,"10,495","1,453"
12/05/2018,"6,421","1,007"
13/05/2018,"6,094",855
14/05/2018,"9,978","1,430"
15/05/2018,"11,450","1,641"
16/05/2018,"13,250","1,673"
17/05/2018,"12,797","1,687"
18/05/2018,"11,331","1,378"
19/05/2018,"8,373",911
20/05/2018,"7,378",760
21/05/2018,"10,197","1,270"
22/05/2018,"12,235","1,485"
23/05/2018,"12,694","1,507"
24/05/2018,"12,716","1,603"
25/05/2018,"12,575","1,416"
26/05/2018,"7,651","1,105"
27/05/2018,"7,576",875
28/05/2018,"11,086","1,284"
29/05/2018,"11,021","1,383"
30/05/2018,"11,976","1,561"
31/05/2018,"11,558","1,431"
1/06/2018,"10,850","1,227"
2/06/2018,"8,319",936
3/06/2018,"7,918",754
4/06/2018,"11,044","1,259"
5/06/2018,"15,446","1,488"
6/06/2018,"11,294","1,377"
7/06/2018,"10,113","1,440"
8/06/2018,"9,903","1,295"
9/06/2018,"6,455",976
10/06/2018,"5,934",736
11/06/2018,"8,771","1,191"
12/06/2018,"11,372","1,557"
13/06/2018,"9,986","1,411"
14/06/2018,"9,144","1,374"
15/06/2018,"8,529","1,151"
16/06/2018,"5,242",654
17/06/2018,"4,655",597
18/06/2018,"7,633",944
19/06/2018,"11,198","1,358"
20/06/2018,"12,226","1,688"
21/06/2018,"10,757","1,323"
22/06/2018,"11,133","1,273"
23/06/2018,"6,712",740
24/06/2018,"5,163",586
25/06/2018,"8,618","1,053"
26/06/2018,"10,952","1,362"
27/06/2018,"10,199","1,341"
28/06/2018,"10,494","1,232"
29/06/2018,"9,386","1,138"
30/06/2018,"5,801",710
1/07/2018,"4,518",559
2/07/2018,"6,920",879
3/07/2018,"10,494","1,346"
4/07/2018,"10,268","1,290"
5/07/2018,"8,013","1,032"
6/07/2018,"9,776","1,235"
7/07/2018,"5,132",647
8/07/2018,"4,471",552
9/07/2018,"8,294",949
10/07/2018,"9,848","1,318"
11/07/2018,"10,875","1,229"
12/07/2018,"9,760","1,304"
13/07/2018,"7,990","1,050"
14/07/2018,"5,614",717
15/07/2018,"4,940",544
16/07/2018,"8,121",932
17/07/2018,"9,353","1,306"
18/07/2018,"10,368","1,235"
19/07/2018,"9,718","1,308"
20/07/2018,"9,964","1,294"
21/07/2018,"5,266",792
22/07/2018,"4,485",568
23/07/2018,"8,014",958
24/07/2018,"9,722","1,286"
25/07/2018,"10,779","1,273"
26/07/2018,"9,802","1,295"
27/07/2018,"10,110","1,267"
28/07/2018,"5,352",764
29/07/2018,"4,113",529
30/07/2018,"7,990","1,010"
31/07/2018,"10,255","1,272"
1/08/2018,"9,921","1,352"
2/08/2018,"9,574","1,253"
3/08/2018,"8,731","1,188"
4/08/2018,"6,228",812
5/08/2018,"4,926",654
6/08/2018,"8,503","1,078"
7/08/2018,"12,083","1,818"
8/08/2018,"15,555","2,657"
9/08/2018,"14,817","1,944"
10/08/2018,"13,258","1,808"
11/08/2018,"8,387","1,393"
12/08/2018,"7,234",852
13/08/2018,"12,179","1,384"
14/08/2018,"12,104","1,433"
15/08/2018,"11,922","1,405"
16/08/2018,"12,888","1,406"
17/08/2018,"12,567","1,295"
18/08/2018,"8,488",809
19/08/2018,"6,170",611
20/08/2018,"10,720","1,164"
21/08/2018,"14,063","1,388"
22/08/2018,"13,529","1,364"
23/08/2018,"14,033","1,596"
24/08/2018,"12,579","1,297"
25/08/2018,"8,049",791
26/08/2018,"7,056",628
27/08/2018,"11,385","1,112"
28/08/2018,"14,092","1,604"
29/08/2018,"13,158","1,509"
30/08/2018,"13,292","1,418"
31/08/2018,"12,621","1,311"
1/09/2018,"8,227",837
2/09/2018,"5,574",622
3/09/2018,"10,438","1,112"
4/09/2018,"13,957","1,540"
5/09/2018,"14,530","1,654"
6/09/2018,"14,476","1,623"
7/09/2018,"13,919","1,473"
8/09/2018,"7,839",930
9/09/2018,"6,627",734
10/09/2018,"11,711","1,314"
11/09/2018,"15,984","1,784"
12/09/2018,"25,954","5,792"
13/09/2018,"15,461","1,885"
14/09/2018,"13,882","1,679"
15/09/2018,"8,457","1,025"
16/09/2018,"7,892","1,072"
17/09/2018,"13,584","1,546"
18/09/2018,"17,315","1,856"
19/09/2018,"16,148","1,819"
20/09/2018,"17,582","1,806"
21/09/2018,"15,955","1,550"
22/09/2018,"9,808","1,038"
23/09/2018,"8,496",817
24/09/2018,"12,934","1,381"
25/09/2018,"17,556","1,723"
26/09/2018,"16,428","1,825"
27/09/2018,"17,198","1,737"
28/09/2018,"14,610","1,648"
29/09/2018,"9,701","1,066"
30/09/2018,"7,628",828
1/10/2018,"13,385","1,672"
2/10/2018,"17,292","1,703"
3/10/2018,"15,622","1,725"
4/10/2018,"15,524","1,657"
5/10/2018,"14,702","1,820"
6/10/2018,"10,273","1,246"
7/10/2018,"7,243",868
8/10/2018,"14,007","1,688"
9/10/2018,"17,101","1,957"
10/10/2018,"17,378","1,852"
11/10/2018,"15,869","1,712"
12/10/2018,"14,137","1,488"
13/10/2018,"10,700","1,078"
14/10/2018,"8,561",903
15/10/2018,"13,339","1,391"
16/10/2018,"17,980","1,826"
17/10/2018,"17,490","1,833"
18/10/2018,"16,133","1,742"
19/10/2018,"14,823","1,569"
20/10/2018,"9,930","1,028"
21/10/2018,"9,073",886
22/10/2018,"13,316","1,377"
23/10/2018,"19,367","1,914"
24/10/2018,"18,391","1,792"
25/10/2018,"18,930","1,862"
26/10/2018,"16,523","1,739"
27/10/2018,"11,826","1,175"
28/10/2018,"9,957",925
29/10/2018,"15,937","1,527"
30/10/2018,"20,806","1,902"
31/10/2018,"17,862","1,912"
1/11/2018,"16,070","1,657"
2/11/2018,"16,039","1,616"
3/11/2018,"10,388","1,080"
4/11/2018,"8,643",923
5/11/2018,"13,961","1,369"
6/11/2018,"18,571","1,837"
7/11/2018,"17,149","1,626"
8/11/2018,"16,553","1,728"
9/11/2018,"16,123","1,610"
10/11/2018,"12,528","1,288"
11/11/2018,"9,640",985
12/11/2018,"16,550","2,276"
13/11/2018,"20,161","1,977"
14/11/2018,"18,096","2,094"
15/11/2018,"18,180","2,026"
16/11/2018,"16,382","1,759"
17/11/2018,"11,021","1,245"
18/11/2018,"9,479","1,099"
19/11/2018,"13,672","1,492"
20/11/2018,"18,317","1,858"
21/11/2018,"17,431","1,771"
22/11/2018,"16,367","1,592"
23/11/2018,"12,859","1,361"
24/11/2018,"9,877","1,017"
25/11/2018,"10,346","1,172"
26/11/2018,"16,144","1,639"
27/11/2018,"20,806","1,949"
28/11/2018,"21,365","2,534"
29/11/2018,"18,217","2,003"
30/11/2018,"18,734","2,063"
1/12/2018,"12,066","1,492"
2/12/2018,"10,213","1,172"
3/12/2018,"15,424","1,815"
4/12/2018,"20,527","2,274"
5/12/2018,"19,637","2,255"
6/12/2018,"18,396","2,074"
7/12/2018,"18,011","1,927"
8/12/2018,"12,722","1,438"
9/12/2018,"10,853","1,226"
10/12/2018,"16,157","1,778"
11/12/2018,"20,699","2,156"
12/12/2018,"17,478","2,086"
13/12/2018,"18,034","1,991"
14/12/2018,"14,736","1,761"
15/12/2018,"10,897","1,378"
16/12/2018,"7,833","1,061"
17/12/2018,"13,623","1,543"
18/12/2018,"16,415","1,870"
19/12/2018,"16,812","1,819"
20/12/2018,"15,292","1,663"
21/12/2018,"13,308","1,375"
22/12/2018,"8,230",886
23/12/2018,"5,747",644
24/12/2018,"7,056",781
25/12/2018,"5,933",641
26/12/2018,"7,581",893
27/12/2018,"10,447","1,068"
28/12/2018,"10,627","1,052"
29/12/2018,"7,810",858
30/12/2018,"6,067",732
31/12/2018,"6,908",701
1/01/2019,"5,871",557
2/01/2019,"9,547",951
3/01/2019,"14,858","1,420"
4/01/2019,"14,804","1,471"
5/01/2019,"11,473","1,101"
6/01/2019,"8,506",823
7/01/2019,"13,465","1,414"
8/01/2019,"18,288","1,916"
9/01/2019,"20,438","1,890"
10/01/2019,"18,595","1,866"
11/01/2019,"17,515","1,763"
12/01/2019,"10,716","1,433"
13/01/2019,"8,375","1,263"
14/01/2019,"14,197","1,950"
15/01/2019,"16,712","2,441"
16/01/2019,"16,567","2,217"
17/01/2019,"17,014","1,880"
18/01/2019,"13,845","1,559"
19/01/2019,"8,158",936
20/01/2019,"6,408",654
21/01/2019,"11,136","1,228"
22/01/2019,"14,123","1,412"
23/01/2019,"15,464","1,757"
24/01/2019,"14,983","1,609"
25/01/2019,"16,725","2,186"
26/01/2019,"9,955","1,401"
27/01/2019,"8,013",961
28/01/2019,"12,228","1,215"
29/01/2019,"16,153","1,557"
30/01/2019,"15,812","1,429"
31/01/2019,"14,105","1,332"
1/02/2019,"13,710","1,296"
2/02/2019,"9,439",916
3/02/2019,"7,915",673
4/02/2019,"11,154","1,069"
5/02/2019,"15,750","1,401"
6/02/2019,"15,847","1,594"
7/02/2019,"15,712","1,807"
8/02/2019,"14,762","1,433"
9/02/2019,"10,031",950
10/02/2019,"7,211",741
11/02/2019,"12,181","1,141"
12/02/2019,"16,460","1,502"
13/02/2019,"15,862","1,618"
14/02/2019,"16,167","1,538"
15/02/2019,"13,632","1,302"
16/02/2019,"9,949",904
17/02/2019,"7,490",657
18/02/2019,"11,777","1,080"
19/02/2019,"16,966","1,586"
20/02/2019,"16,217","1,556"
21/02/2019,"14,909","1,389"
22/02/2019,"14,217","1,435"
23/02/2019,"10,774","1,036"
24/02/2019,"7,898",740
25/02/2019,"13,227","1,540"
26/02/2019,"17,479","1,589"
27/02/2019,"17,779","1,597"
28/02/2019,"15,429","1,431"
1/03/2019,"14,603","1,292"
2/03/2019,"11,004",825
3/03/2019,"9,098",723
4/03/2019,"13,096","1,201"
5/03/2019,"17,665","1,483"
6/03/2019,"18,767","1,583"
7/03/2019,"18,614","1,513"
8/03/2019,"17,835","1,465"
9/03/2019,"11,803",985
10/03/2019,"9,442",774
11/03/2019,"14,443","1,245"
12/03/2019,"19,166","1,598"
13/03/2019,"17,412","1,572"
14/03/2019,"16,935","1,493"
15/03/2019,"17,262","1,557"
16/03/2019,"11,984",960
17/03/2019,"9,495",825
18/03/2019,"14,395","1,216"
19/03/2019,"18,204","1,512"
20/03/2019,"19,262","1,628"
21/03/2019,"16,125","1,506"
22/03/2019,"15,156","1,467"
23/03/2019,"11,795",951
24/03/2019,"8,784",875
25/03/2019,"15,556","1,371"
26/03/2019,"19,781","1,755"
27/03/2019,"19,953","1,800"
28/03/2019,"18,347","1,692"
29/03/2019,"17,153","1,528"
30/03/2019,"12,765","1,132"
31/03/2019,"10,250",832
1/04/2019,"17,072","1,348"
2/04/2019,"20,995","1,748"
3/04/2019,"19,450","1,777"
4/04/2019,"17,887","1,651"
5/04/2019,"19,428","1,557"
6/04/2019,"11,404",939
7/04/2019,"10,407",813
8/04/2019,"15,568","1,163"
9/04/2019,"20,644","1,864"
10/04/2019,"21,468","2,120"
11/04/2019,"20,519","1,943"
12/04/2019,"18,990","1,994"
13/04/2019,"12,416","1,199"
14/04/2019,"10,296",866
15/04/2019,"16,490","1,489"
16/04/2019,"19,145","1,842"
17/04/2019,"19,179","1,839"
18/04/2019,"16,343","1,565"
19/04/2019,"13,990","1,284"
20/04/2019,"9,240","1,012"
21/04/2019,"8,136",867
22/04/2019,"12,236","1,271"
23/04/2019,"20,215","1,953"
24/04/2019,"21,786","2,015"
25/04/2019,"18,714","1,787"
26/04/2019,"18,813","1,685"
27/04/2019,"12,720","1,141"
28/04/2019,"12,576",987
29/04/2019,"15,079","1,453"
30/04/2019,"20,035","1,782"
1/05/2019,"16,227","1,665"
2/05/2019,"17,583","1,770"
3/05/2019,"18,358","1,790"
4/05/2019,"12,248","1,165"
5/05/2019,"12,195","1,005"
6/05/2019,"16,920","1,427"
7/05/2019,"20,561","1,821"
8/05/2019,"19,776","2,097"
9/05/2019,"18,354","1,693"
10/05/2019,"19,108","1,635"
11/05/2019,"10,016",950
12/05/2019,"8,227",780
13/05/2019,"14,022","1,175"
14/05/2019,"16,606","1,438"
15/05/2019,"15,962","1,381"
16/05/2019,"14,969","1,322"
17/05/2019,"14,860","1,269"
18/05/2019,"9,439",857
19/05/2019,"9,457",912
20/05/2019,"13,796","1,268"
21/05/2019,"17,925","1,383"
22/05/2019,"18,477","1,399"
23/05/2019,"17,120","1,366"
24/05/2019,"15,920","1,329"
25/05/2019,"9,905",823
26/05/2019,"10,077",756
27/05/2019,"14,505","1,220"
28/05/2019,"15,567","1,559"
29/05/2019,"16,871","1,583"
30/05/2019,"16,032","1,609"
31/05/2019,"15,905","1,322"
1/06/2019,"9,846",784
2/06/2019,"8,365",641
3/06/2019,"16,006","1,184"
4/06/2019,"18,049","1,414"
5/06/2019,"17,240","1,263"
6/06/2019,"17,703","1,339"
7/06/2019,"16,372","1,163"
8/06/2019,"12,363",859
9/06/2019,"12,376",820
10/06/2019,"14,554","1,245"
11/06/2019,"16,335","1,530"
12/06/2019,"16,167","1,394"
13/06/2019,"14,658","1,420"
14/06/2019,"14,350","1,339"
15/06/2019,"9,754",930
16/06/2019,"6,295",664
17/06/2019,"12,869","1,184"
18/06/2019,"15,774","1,501"
19/06/2019,"15,665","1,473"
20/06/2019,"14,616","1,487"
21/06/2019,"13,345","1,335"
22/06/2019,"10,023",944
23/06/2019,"8,530",718
24/06/2019,"14,194","1,257"
25/06/2019,"17,061","1,610"
26/06/2019,"15,822","1,508"
27/06/2019,"15,874","1,487"
28/06/2019,"13,308","1,354"
29/06/2019,"8,044",834
30/06/2019,"5,928",632
1/07/2019,"12,716","1,263"
2/07/2019,"16,912","1,475"
3/07/2019,"15,759","1,514"
4/07/2019,"16,299","1,473"
5/07/2019,"11,090","1,147"
6/07/2019,"8,260",845
7/07/2019,"6,495",694
8/07/2019,"12,666","1,246"
9/07/2019,"16,540","1,559"
10/07/2019,"16,305","1,594"
11/07/2019,"15,681","1,564"
12/07/2019,"15,080","1,524"
13/07/2019,"9,091",910
14/07/2019,"6,303",736
15/07/2019,"13,080","1,303"
16/07/2019,"16,518","1,804"
17/07/2019,"17,999","1,983"
18/07/2019,"17,331","1,971"
19/07/2019,"17,363","1,767"
20/07/2019,"9,650","1,125"
21/07/2019,"8,592",896
22/07/2019,"16,095","1,574"
23/07/2019,"18,117","2,020"
24/07/2019,"18,389","2,064"
25/07/2019,"17,361","1,800"
26/07/2019,"15,902","1,673"
27/07/2019,"9,338","1,100"
28/07/2019,"7,379",891
29/07/2019,"13,357","1,560"
30/07/2019,"18,073","1,970"
31/07/2019,"18,004","1,869"
1/08/2019,"16,157","1,922"
2/08/2019,"15,241","1,698"
3/08/2019,"10,455","1,076"
4/08/2019,"7,912",863
5/08/2019,"13,620","1,497"
6/08/2019,"17,834","2,039"
7/08/2019,"18,680","2,043"
8/08/2019,"16,840","1,873"
9/08/2019,"16,893","1,811"
10/08/2019,"10,738","1,078"
11/08/2019,"8,069",803
12/08/2019,"12,624","1,439"
13/08/2019,"17,703","1,873"
14/08/2019,"17,640","1,881"
15/08/2019,"16,193","1,675"
16/08/2019,"15,682","1,717"
17/08/2019,"11,135","1,217"
18/08/2019,"7,890",960
19/08/2019,"14,174","1,671"
20/08/2019,"18,603","1,948"
21/08/2019,"18,993","1,934"
22/08/2019,"17,879","1,995"
23/08/2019,"15,738","1,887"
24/08/2019,"9,441","1,160"
25/08/2019,"9,039","1,219"
26/08/2019,"16,109","1,785"
27/08/2019,"19,284","2,014"
28/08/2019,"19,314","2,113"
29/08/2019,"18,878","2,282"
30/08/2019,"17,292","1,821"
31/08/2019,"11,660","1,213"
1/09/2019,"8,553",965
2/09/2019,"14,211","1,564"
3/09/2019,"19,230","2,037"
4/09/2019,"21,265","2,257"
5/09/2019,"20,544","2,210"
6/09/2019,"20,990","2,190"
7/09/2019,"12,002","1,295"
8/09/2019,"9,405","1,141"
9/09/2019,"17,296","1,946"
10/09/2019,"20,415","2,343"
11/09/2019,"21,944","2,344"
12/09/2019,"18,952","2,208"
13/09/2019,"18,048","2,100"
14/09/2019,"11,696","1,410"
15/09/2019,"10,215","1,188"
16/09/2019,"18,223","2,241"
17/09/2019,"23,831","2,676"
18/09/2019,"23,541","2,736"
19/09/2019,"22,315","2,676"
20/09/2019,"20,564","2,249"
21/09/2019,"12,795","1,505"
22/09/2019,"12,261","1,308"
23/09/2019,"19,264","2,153"
24/09/2019,"23,612","2,639"
25/09/2019,"22,253","2,654"
26/09/2019,"22,779","2,846"
27/09/2019,"18,841","2,546"
28/09/2019,"12,000","1,624"
29/09/2019,"11,430","1,451"
30/09/2019,"19,076","2,571"
1/10/2019,"22,784","2,811"
2/10/2019,"21,930","2,759"
3/10/2019,"21,022","2,760"
4/10/2019,"20,961","2,593"
5/10/2019,"13,959","1,766"
6/10/2019,"12,522","1,752"
7/10/2019,"21,376","2,340"
8/10/2019,"26,752","2,937"
9/10/2019,"25,700","2,885"
10/10/2019,"23,543","2,895"
11/10/2019,"22,305","2,714"
12/10/2019,"14,337","1,915"
13/10/2019,"11,666","1,648"
14/10/2019,"18,767","2,579"
15/10/2019,"23,489","3,053"
16/10/2019,"25,620","3,118"
17/10/2019,"23,675","3,049"
18/10/2019,"23,557","2,734"
19/10/2019,"14,180","1,911"
20/10/2019,"12,346","1,673"
21/10/2019,"19,644","2,610"
22/10/2019,"27,047","3,119"
23/10/2019,"25,946","3,153"
24/10/2019,"22,358","2,913"
25/10/2019,"23,587","2,839"
26/10/2019,"14,039","1,723"
27/10/2019,"12,240","1,402"
28/10/2019,"17,539","2,292"
29/10/2019,"25,323","2,954"
30/10/2019,"25,711","3,077"
31/10/2019,"23,734","2,835"
1/11/2019,"19,692","2,060"
2/11/2019,"14,053","1,507"
3/11/2019,"12,418","1,371"
4/11/2019,"21,260","2,105"
5/11/2019,"23,484","2,595"
6/11/2019,"23,844","2,701"
7/11/2019,"24,454","2,609"
8/11/2019,"22,042","2,569"
9/11/2019,"14,835","1,682"
10/11/2019,"11,937","1,337"
11/11/2019,"20,566","2,372"
12/11/2019,"27,805","2,526"
13/11/2019,"27,322","2,787"
14/11/2019,"22,607","2,653"
15/11/2019,"20,129","2,369"
16/11/2019,"14,051","1,684"
17/11/2019,"11,907","1,516"
18/11/2019,"17,601","2,392"
19/11/2019,"25,749","2,849"
20/11/2019,"25,707","2,837"
21/11/2019,"22,689","2,627"
22/11/2019,"25,061","2,640"
23/11/2019,"14,444","1,695"
24/11/2019,"11,808","1,450"
25/11/2019,"20,604","2,267"
26/11/2019,"24,925","2,803"
27/11/2019,"23,067","2,625"
28/11/2019,"20,563","2,162"
29/11/2019,"17,068","2,006"
30/11/2019,"13,535","2,003"
1/12/2019,"12,736","1,675"
2/12/2019,"18,533","2,336"
3/12/2019,"23,746","2,829"
4/12/2019,"22,622","2,945"
5/12/2019,"21,724","2,714"
6/12/2019,"20,211","2,698"
7/12/2019,"14,514","1,818"
8/12/2019,"12,720","1,525"
9/12/2019,"21,804","2,409"
10/12/2019,"25,822","2,724"
11/12/2019,"23,780","2,813"
12/12/2019,"22,018","2,707"
13/12/2019,"21,909","2,324"
14/12/2019,"13,277","1,632"
15/12/2019,"10,290","1,318"
16/12/2019,"16,470","1,989"
17/12/2019,"22,903","2,302"
18/12/2019,"22,510","2,260"
19/12/2019,"18,307","2,023"
20/12/2019,"18,107","2,194"
21/12/2019,"9,906","1,156"
22/12/2019,"7,270",856
23/12/2019,"11,622","1,185"
24/12/2019,"12,496","1,322"
25/12/2019,"7,898",843
26/12/2019,"9,126",953
27/12/2019,"11,049","1,336"
28/12/2019,"10,092","1,014"
29/12/2019,"8,927",850
30/12/2019,"12,896","1,181"
31/12/2019,"12,397","1,168"
1/01/2020,"7,241",674
2/01/2020,"10,798","1,225"
3/01/2020,"16,420","1,517"
4/01/2020,"12,152","1,144"
5/01/2020,"10,254","1,062"
6/01/2020,"14,639","1,475"
7/01/2020,"20,765","1,976"
8/01/2020,"20,925","2,181"
9/01/2020,"18,997","2,046"
10/01/2020,"17,494","1,922"
11/01/2020,"12,837","1,430"
12/01/2020,"9,386","1,082"
13/01/2020,"16,324","1,699"
14/01/2020,"23,331","2,118"
15/01/2020,"19,496","2,150"
16/01/2020,"19,146","2,133"
17/01/2020,"19,455","1,993"
18/01/2020,"15,742","1,482"
19/01/2020,"9,765","1,128"
20/01/2020,"15,568","1,778"
21/01/2020,"20,802","2,181"
22/01/2020,"23,278","2,416"
23/01/2020,"20,425","2,262"
24/01/2020,"18,329","2,035"
25/01/2020,"10,810","1,398"
26/01/2020,"8,761","1,144"
27/01/2020,"14,031","1,851"
28/01/2020,"21,695","2,491"
29/01/2020,"22,101","2,535"
30/01/2020,"21,969","2,588"
31/01/2020,"20,173","2,251"
1/02/2020,"13,420","1,523"
2/02/2020,"10,889","1,358"
3/02/2020,"18,437","2,052"
4/02/2020,"25,127","2,637"
5/02/2020,"24,121","2,836"
6/02/2020,"21,884","2,729"
7/02/2020,"19,932","2,375"
8/02/2020,"12,976","1,639"
9/02/2020,"11,179","1,394"
10/02/2020,"20,005","2,287"
11/02/2020,"24,161","3,110"
12/02/2020,"25,453","3,147"
13/02/2020,"23,469","2,716"
14/02/2020,"22,417","2,598"
15/02/2020,"13,793","1,740"
16/02/2020,"12,745","1,583"
17/02/2020,"19,378","2,384"
18/02/2020,"24,904","2,756"
19/02/2020,"24,761","2,825"
20/02/2020,"23,792","2,798"
21/02/2020,"21,606","2,402"
22/02/2020,"14,685","1,702"
23/02/2020,"11,579","1,381"
24/02/2020,"18,860","2,161"
25/02/2020,"25,575","2,772"
26/02/2020,"26,384","2,932"
27/02/2020,"26,094","2,763"
28/02/2020,"24,459","2,530"
29/02/2020,"15,885","1,729"
1/03/2020,"13,016","1,492"
2/03/2020,"21,678","2,314"
3/03/2020,"28,805","3,007"
4/03/2020,"25,950","2,726"
5/03/2020,"26,010","2,858"
6/03/2020,"24,734","2,650"
7/03/2020,"16,073","1,848"
8/03/2020,"14,443","1,698"
9/03/2020,"22,294","2,411"
10/03/2020,"29,038","3,050"
11/03/2020,"28,314","2,839"
12/03/2020,"26,194","2,847"
13/03/2020,"23,473","2,393"
14/03/2020,"17,213","1,761"
15/03/2020,"17,134","1,600"
16/03/2020,"22,404","2,124"
17/03/2020,"21,278","2,324"
18/03/2020,"21,101","2,295"
19/03/2020,"21,716","2,284"
20/03/2020,"19,805","2,124"
21/03/2020,"14,958","1,748"
22/03/2020,"14,963","1,866"
23/03/2020,"21,531","2,276"
24/03/2020,"22,634","2,479"
25/03/2020,"22,329","2,477"
26/03/2020,"23,714","2,739"
27/03/2020,"23,637","2,627"
28/03/2020,"17,508","1,961"
29/03/2020,"17,012","1,818"
30/03/2020,"23,798","2,614"
31/03/2020,"28,579","3,039"
1/04/2020,"29,725","3,317"
2/04/2020,"31,138","4,364"
3/04/2020,"27,397","3,140"
4/04/2020,"20,277","2,365"
5/04/2020,"20,866","2,459"
6/04/2020,"25,804","2,992"
7/04/2020,"28,049","3,458"
8/04/2020,"27,334","3,472"
9/04/2020,"25,572","3,339"
10/04/2020,"24,128","2,878"
11/04/2020,"19,566","2,317"
12/04/2020,"19,795","2,305"
13/04/2020,"26,069","3,319"
14/04/2020,"29,308","3,267"
15/04/2020,"28,367","3,605"
16/04/2020,"28,644","3,455"
17/04/2020,"28,783","3,502"
18/04/2020,"20,997","2,700"
19/04/2020,"21,635","2,515"
20/04/2020,"29,222","3,229"
21/04/2020,"32,660","3,729"
22/04/2020,"32,864","3,766"
23/04/2020,"31,845","3,580"
24/04/2020,"31,448","3,550"
25/04/2020,"24,815","2,739"
26/04/2020,"25,029","2,573"
27/04/2020,"30,917","3,278"
28/04/2020,"32,715","3,591"
29/04/2020,"30,593","3,494"
30/04/2020,"28,440","3,554"
1/05/2020,"26,423","3,201"
2/05/2020,"23,595","2,999"
3/05/2020,"23,060","2,454"
4/05/2020,"29,169","3,288"
5/05/2020,"30,373","3,513"
6/05/2020,"32,334","3,755"
7/05/2020,"30,077","3,683"
8/05/2020,"29,563","3,491"
9/05/2020,"22,045","2,595"
10/05/2020,"23,063","2,410"
11/05/2020,"30,194","3,104"
12/05/2020,"32,617","3,613"
13/05/2020,"32,297","3,547"
14/05/2020,"30,434","3,692"
15/05/2020,"26,388","3,260"
16/05/2020,"20,039","2,517"
17/05/2020,"19,520","2,163"
18/05/2020,"25,486","3,024"
19/05/2020,"28,558","3,329"
20/05/2020,"27,078","3,340"
21/05/2020,"25,578","3,015"
22/05/2020,"24,757","3,034"
23/05/2020,"18,899","2,300"
24/05/2020,"17,933","2,014"
25/05/2020,"23,432","2,592"
26/05/2020,"26,241","2,823"
27/05/2020,"26,580","3,201"
28/05/2020,"25,904","3,137"
29/05/2020,"25,277","3,021"
30/05/2020,"18,321","2,181"
31/05/2020,"18,750","2,053"
1/06/2020,"25,024","2,639"
2/06/2020,"28,404","3,058"
3/06/2020,"28,748","3,370"
4/06/2020,"27,435","3,273"
5/06/2020,"24,290","2,910"
6/06/2020,"18,513","2,165"
7/06/2020,"16,012","2,011"
8/06/2020,"23,066","2,723"
9/06/2020,"25,958","3,219"
10/06/2020,"26,382","3,152"
11/06/2020,"26,879","3,055"
12/06/2020,"26,336","3,183"
13/06/2020,"19,875","2,554"
14/06/2020,"17,993","2,106"
15/06/2020,"23,090","2,862"
16/06/2020,"25,701","3,105"
17/06/2020,"24,681","3,103"
18/06/2020,"25,505","3,100"
19/06/2020,"22,612","2,828"
20/06/2020,"16,455","2,178"
21/06/2020,"15,342","1,957"
22/06/2020,"21,092","2,853"
23/06/2020,"24,657","2,967"
24/06/2020,"23,449","2,981"
25/06/2020,"21,536","2,718"
26/06/2020,"20,460","2,578"
27/06/2020,"16,279","2,146"
28/06/2020,"19,709","2,797"
29/06/2020,"24,662","2,682"
30/06/2020,"27,398","2,824"
1/07/2020,"28,468","3,090"
2/07/2020,"28,678","2,726"
3/07/2020,"21,097","2,561"
4/07/2020,"13,532","1,636"
5/07/2020,"12,692","1,508"
6/07/2020,"18,949","2,366"
7/07/2020,"23,823","3,015"
8/07/2020,"14,356","1,519"
9/07/2020,"19,391","2,519"
10/07/2020,"18,972","2,536"
11/07/2020,"13,354","1,724"
12/07/2020,"11,732","1,433"
13/07/2020,"17,521","2,108"
14/07/2020,"20,189","2,681"
15/07/2020,"20,939","2,670"
16/07/2020,"20,237","2,608"
17/07/2020,"17,769","2,398"
18/07/2020,"13,669","1,735"
19/07/2020,"11,971","1,546"
20/07/2020,"18,295","2,237"
21/07/2020,"20,139","2,622"
22/07/2020,"19,103","2,480"
23/07/2020,"19,577","2,775"
24/07/2020,"18,893","2,425"
25/07/2020,"12,382","1,792"
26/07/2020,"11,413","1,600"
27/07/2020,"16,730","2,246"
28/07/2020,"19,870","2,562"
29/07/2020,"19,997","2,557"
30/07/2020,"19,525","2,531"
31/07/2020,"16,919","2,173"
1/08/2020,"11,073","1,498"
2/08/2020,"10,295","1,361"
3/08/2020,"15,295","1,966"
4/08/2020,"19,133","2,399"
5/08/2020,"19,661","2,500"
6/08/2020,"19,838","2,601"
7/08/2020,"19,098","2,362"
8/08/2020,"12,674","1,685"
9/08/2020,"11,176","1,530"
10/08/2020,"18,901","2,111"
11/08/2020,"19,085","2,457"
12/08/2020,"19,639","2,646"
13/08/2020,"13,235","1,365"
14/08/2020,"14,311","1,759"
15/08/2020,"13,246","1,706"
16/08/2020,"11,775","1,608"
17/08/2020,"17,565","2,304"
18/08/2020,"20,509","2,770"
19/08/2020,"19,700","2,537"
20/08/2020,"19,223","2,473"
21/08/2020,"19,311","2,433"
22/08/2020,"13,539","1,689"
23/08/2020,"12,543","1,522"
24/08/2020,"18,606","2,615"
25/08/2020,"21,003","2,803"
26/08/2020,"21,946","2,678"
27/08/2020,"19,966","2,549"
28/08/2020,"18,203","2,530"
29/08/2020,"14,039","1,614"
30/08/2020,"12,557","1,519"
31/08/2020,"17,860","2,341"
1/09/2020,"20,957","2,732"
2/09/2020,"22,012","3,067"
3/09/2020,"22,214","2,932"
4/09/2020,"22,123","2,749"
5/09/2020,"13,936","1,913"
6/09/2020,"14,057","2,112"
7/09/2020,"18,777","2,485"
8/09/2020,"22,111","3,084"
9/09/2020,"24,311","3,342"
10/09/2020,"24,047","3,197"
11/09/2020,"22,724","3,059"
12/09/2020,"15,672","2,175"
13/09/2020,"13,864","1,957"
14/09/2020,"22,552","3,157"
15/09/2020,"27,262","3,643"
16/09/2020,"24,794","3,539"
17/09/2020,"24,865","3,654"
18/09/2020,"21,880","3,229"
19/09/2020,"16,271","2,494"
20/09/2020,"14,692","2,184"
21/09/2020,"21,964","3,218"
22/09/2020,"26,608","3,666"
23/09/2020,"25,930","3,521"
24/09/2020,"25,660","3,628"
25/09/2020,"24,046","3,306"
26/09/2020,"16,032","2,339"
27/09/2020,"14,920","2,082"
28/09/2020,"22,430","3,070"
29/09/2020,"25,723","3,578"
30/09/2020,"24,726","3,279"
1/10/2020,"23,402","2,986"
2/10/2020,"21,425","2,960"
3/10/2020,"14,962","2,567"
4/10/2020,"13,741","1,869"
5/10/2020,"22,598","3,205"
6/10/2020,"25,934","3,683"
7/10/2020,"25,658","3,776"
8/10/2020,"24,377","3,418"
9/10/2020,"25,323","3,328"
10/10/2020,"17,557","2,566"
11/10/2020,"15,994","2,316"
12/10/2020,"21,626","3,180"
13/10/2020,"25,437","4,256"
14/10/2020,"27,044","3,956"
15/10/2020,"26,540","3,709"
16/10/2020,"24,481","3,523"
17/10/2020,"19,139","2,847"
18/10/2020,"17,356","3,428"
19/10/2020,"22,961","3,293"
20/10/2020,"27,628","3,937"
21/10/2020,"26,894","3,779"
22/10/2020,"27,405","3,705"
23/10/2020,"24,311","3,556"
24/10/2020,"19,173","2,650"
25/10/2020,"15,822","2,035"
26/10/2020,"21,609","2,968"
27/10/2020,"27,672","3,690"
28/10/2020,"26,997","3,874"
29/10/2020,"26,475","3,687"
30/10/2020,"25,257","3,502"
31/10/2020,"18,037","2,528"
1/11/2020,"15,190","2,020"
2/11/2020,"23,445","3,116"
3/11/2020,"26,440","3,552"
4/11/2020,"24,679","3,557"
5/11/2020,"23,878","3,382"
6/11/2020,"23,411","3,347"
7/11/2020,"18,788","2,765"
8/11/2020,"16,463","2,142"
9/11/2020,"25,360","3,421"
10/11/2020,"28,791","3,763"
11/11/2020,"25,274","3,684"
12/11/2020,"26,912","3,587"
13/11/2020,"26,043","3,287"
14/11/2020,"17,791","2,486"
15/11/2020,"15,485","2,102"
16/11/2020,"23,789","3,033"
17/11/2020,"26,931","3,771"
18/11/2020,"27,221","3,799"
19/11/2020,"28,073","3,865"
20/11/2020,"27,446","3,668"
21/11/2020,"18,864","2,713"
22/11/2020,"18,041","2,401"
23/11/2020,"23,970","3,389"
24/11/2020,"28,812","3,720"
25/11/2020,"27,563","3,591"
26/11/2020,"25,866","3,285"
27/11/2020,"21,739","2,874"
28/11/2020,"18,277","2,484"
29/11/2020,"16,897","2,185"
30/11/2020,"24,475","3,132"
1/12/2020,"29,436","3,773"
2/12/2020,"27,437","3,708"
3/12/2020,"29,932","3,822"
4/12/2020,"25,367","3,453"
5/12/2020,"18,112","2,700"
6/12/2020,"15,968","2,317"
7/12/2020,"24,513","3,122"
8/12/2020,"29,793","3,776"
9/12/2020,"28,434","3,755"
10/12/2020,"26,762","3,586"
11/12/2020,"28,269","3,621"
12/12/2020,"21,214","2,765"
13/12/2020,"20,038","2,261"
14/12/2020,"24,272","3,064"
15/12/2020,"27,299","3,498"
16/12/2020,"29,167","3,955"
17/12/2020,"28,028","3,635"
18/12/2020,"25,585","3,280"
19/12/2020,"18,605","2,317"
20/12/2020,"13,915","1,695"
21/12/2020,"19,804","2,383"
22/12/2020,"22,999","2,805"
23/12/2020,"21,604","2,579"
24/12/2020,"18,933","2,110"
25/12/2020,"13,294","1,262"
26/12/2020,"11,870","1,258"
27/12/2020,"15,974","1,565"
28/12/2020,"17,930","1,859"
29/12/2020,"22,063","2,140"
30/12/2020,"21,763","2,106"
31/12/2020,"16,617","1,856"
1/01/2021,"10,031",978
2/01/2021,"12,603","1,329"
3/01/2021,"16,175","1,662"
4/01/2021,"19,637","2,286"
5/01/2021,"23,234","2,850"
6/01/2021,"24,961","2,889"
7/01/2021,"24,432","2,889"
8/01/2021,"24,076","2,825"
9/01/2021,"17,686","2,121"
10/01/2021,"17,232","1,841"
11/01/2021,"23,101","2,563"
12/01/2021,"26,635","2,964"
13/01/2021,"25,448","3,104"
14/01/2021,"27,237","2,969"
15/01/2021,"26,448","2,842"
16/01/2021,"19,405","2,212"
17/01/2021,"17,239","1,858"
18/01/2021,"25,119","2,643"
19/01/2021,"28,344","3,122"
20/01/2021,"28,847","3,463"
21/01/2021,"29,953","3,412"
22/01/2021,"28,276","3,107"
23/01/2021,"18,089","2,224"
24/01/2021,"16,516","1,928"
25/01/2021,"24,963","2,933"
26/01/2021,"27,985","3,102"
27/01/2021,"28,878","3,404"
28/01/2021,"27,609","3,322"
29/01/2021,"26,097","3,184"
30/01/2021,"19,184","2,308"
31/01/2021,"17,460","1,879"
1/02/2021,"23,782","2,957"
2/02/2021,"29,226","3,652"
3/02/2021,"31,719","3,626"
4/02/2021,"29,427","3,463"
5/02/2021,"28,041","3,329"
6/02/2021,"23,378","2,681"
7/02/2021,"21,414","2,258"
8/02/2021,"29,356","3,206"
9/02/2021,"32,806","3,681"
10/02/2021,"32,267","3,887"
11/02/2021,"29,112","3,384"
12/02/2021,"28,505","3,115"
13/02/2021,"23,447","2,536"
14/02/2021,"18,565","2,006"
15/02/2021,"27,288","3,049"
16/02/2021,"34,093","3,591"
17/02/2021,"33,770","3,634"
18/02/2021,"31,131","3,545"
19/02/2021,"31,633","3,507"
20/02/2021,"25,209","2,815"
21/02/2021,"20,335","2,094"
22/02/2021,"31,226","3,314"
23/02/2021,"37,190","3,864"
24/02/2021,"35,850","3,858"
25/02/2021,"35,353","3,824"
26/02/2021,"31,018","3,589"
27/02/2021,"24,428","2,848"
28/02/2021,"20,914","2,267"
1/03/2021,"31,023","3,303"
2/03/2021,"39,597","3,974"
3/03/2021,"40,628","4,042"
4/03/2021,"40,697","3,926"
5/03/2021,"35,542","3,895"
6/03/2021,"25,050","2,994"
7/03/2021,"22,574","2,406"
8/03/2021,"30,557","3,467"
9/03/2021,"37,594","4,054"
10/03/2021,"40,718","4,225"
11/03/2021,"38,662","3,937"
12/03/2021,"36,014","3,738"
13/03/2021,"27,576","2,848"
14/03/2021,"24,317","2,294"
15/03/2021,"35,696","3,397"
16/03/2021,"41,580","4,366"
17/03/2021,"43,304","4,197"
18/03/2021,"41,294","3,997"
19/03/2021,"38,945","4,398"
20/03/2021,"26,470","2,938"
21/03/2021,"25,890","2,494"
22/03/2021,"38,419","3,454"
23/03/2021,"40,513","4,263"
24/03/2021,"41,921","4,120"
25/03/2021,"40,081","4,179"
26/03/2021,"35,506","3,904"
27/03/2021,"27,130","2,807"
28/03/2021,"23,014","2,279"
29/03/2021,"31,637","3,273"
30/03/2021,"39,127","4,023"
31/03/2021,"38,344","3,747"
1/04/2021,"32,481","3,699"
2/04/2021,"29,063","2,958"
3/04/2021,"23,451","2,459"
4/04/2021,"25,152","2,631"
5/04/2021,"30,713","3,084"
6/04/2021,"38,900","3,801"
7/04/2021,"40,107","3,949"
8/04/2021,"40,500","4,103"
9/04/2021,"36,967","3,941"
10/04/2021,"26,710","2,968"
11/04/2021,"25,146","2,603"
12/04/2021,"37,916","3,843"
13/04/2021,"41,185","4,110"
14/04/2021,"39,888","3,962"
15/04/2021,"42,466","4,236"
16/04/2021,"40,655","4,033"
17/04/2021,"25,583","3,007"
18/04/2021,"24,008","2,719"
19/04/2021,"35,065","4,174"
20/04/2021,"38,297","4,439"
21/04/2021,"38,395","4,390"
22/04/2021,"40,415","4,129"
23/04/2021,"38,122","4,107"
24/04/2021,"25,521","3,051"
25/04/2021,"25,360","2,558"
26/04/2021,"35,474","3,981"
27/04/2021,"38,824","4,133"
28/04/2021,"38,999","4,244"
29/04/2021,"42,030","5,072"
30/04/2021,"36,449","3,821"
1/05/2021,"23,983","2,740"
2/05/2021,"23,757","2,492"
3/05/2021,"34,066","3,410"
4/05/2021,"38,190","3,958"
5/05/2021,"49,797","4,007"
6/05/2021,"41,566","4,304"
7/05/2021,"37,910","4,002"
8/05/2021,"26,995","2,978"
9/05/2021,"23,712","2,397"
10/05/2021,"35,055","3,598"
11/05/2021,"40,083","4,126"
12/05/2021,"36,899","4,082"
13/05/2021,"33,966","3,474"
14/05/2021,"31,434","3,483"
15/05/2021,"24,971","2,561"
16/05/2021,"23,791","2,230"
17/05/2021,"32,847","3,383"
18/05/2021,"37,105","3,918"
19/05/2021,"38,259","3,821"
20/05/2021,"35,705","4,058"
21/05/2021,"35,493","3,811"
22/05/2021,"24,107","2,607"
23/05/2021,"21,922","2,338"
24/05/2021,"31,361","3,461"
25/05/2021,"39,140","4,118"
26/05/2021,"37,882","3,995"
27/05/2021,"38,934","3,922"
28/05/2021,"34,715","3,741"
29/05/2021,"27,132","2,930"
30/05/2021,"25,048","2,398"
31/05/2021,"31,420","3,211"
1/06/2021,"37,609","4,169"
2/06/2021,"38,605","3,770"
3/06/2021,"41,760","3,968"
4/06/2021,"39,170","3,757"
5/06/2021,"30,224","2,794"
6/06/2021,"32,314","2,568"
7/06/2021,"42,084","3,693"
8/06/2021,"34,202","4,052"
9/06/2021,"35,203","4,201"
10/06/2021,"34,940","4,284"
11/06/2021,"29,981","3,938"
12/06/2021,"21,156","2,900"
13/06/2021,"19,467","2,495"
14/06/2021,"29,507","3,463"
15/06/2021,"31,889","4,070"
16/06/2021,"32,998","4,126"
17/06/2021,"32,886","3,936"
18/06/2021,"30,525","3,536"
19/06/2021,"20,191","2,482"
20/06/2021,"17,069","2,091"
21/06/2021,"25,901","3,097"
22/06/2021,"30,756","3,593"
23/06/2021,"31,130","3,633"
24/06/2021,"30,092","3,472"
25/06/2021,"27,418","3,203"
26/06/2021,"19,112","2,472"
27/06/2021,"16,507","2,205"
28/06/2021,"27,846","3,291"
29/06/2021,"31,044","3,327"
30/06/2021,"27,677","3,187"
1/07/2021,"27,433","3,164"
2/07/2021,"24,895","2,804"
3/07/2021,"16,946","1,977"
4/07/2021,"15,271","1,796"
5/07/2021,"23,633","2,496"
6/07/2021,"24,705","2,705"
7/07/2021,"27,103","3,011"
8/07/2021,"25,846","2,878"
9/07/2021,"25,296","3,129"
10/07/2021,"17,397","2,080"
11/07/2021,"13,921","1,634"
12/07/2021,"23,656","2,703"
13/07/2021,"30,126","3,357"
14/07/2021,"28,025","3,089"
15/07/2021,"26,275","3,072"
16/07/2021,"24,313","2,773"
17/07/2021,"16,444","1,918"
18/07/2021,"14,945","1,837"
19/07/2021,"24,227","2,667"
20/07/2021,"27,899","3,114"
21/07/2021,"27,852","2,783"
22/07/2021,"26,384","2,948"
23/07/2021,"24,298","2,776"
24/07/2021,"16,966","1,998"
25/07/2021,"14,453","1,639"
26/07/2021,"22,569","2,557"
27/07/2021,"27,629","3,041"
28/07/2021,"28,529","3,235"
29/07/2021,"25,203","3,168"
30/07/2021,"23,413","2,718"
31/07/2021,"14,144","1,898"
1/08/2021,"11,954","1,659"
2/08/2021,"21,725","2,624"
3/08/2021,"24,484","2,893"
4/08/2021,"24,467","3,027"
5/08/2021,"25,924","2,933"
6/08/2021,"24,192","2,953"
7/08/2021,"15,947","2,033"
8/08/2021,"13,986","1,790"
9/08/2021,"22,087","2,585"
10/08/2021,"25,601","3,052"
11/08/2021,"27,047","2,935"
12/08/2021,"26,556","2,914"
13/08/2021,"25,560","3,371"
14/08/2021,"16,578","1,838"
15/08/2021,"13,219","1,559"
16/08/2021,"21,120","2,554"
17/08/2021,"26,898","3,009"
18/08/2021,"26,791","2,862"
19/08/2021,"26,622","2,852"
20/08/2021,"24,799","2,719"
21/08/2021,"17,204","1,967"
22/08/2021,"15,265","1,619"
23/08/2021,"23,332","2,603"
24/08/2021,"27,063","2,984"
25/08/2021,"26,960","3,448"
26/08/2021,"26,645","3,174"
27/08/2021,"23,697","2,726"
28/08/2021,"17,340","1,866"
29/08/2021,"14,167","1,544"
30/08/2021,"21,495","2,408"
31/08/2021,"25,909","3,017"
1/09/2021,"26,197","3,115"
2/09/2021,"25,770","3,163"
3/09/2021,"22,505","2,660"
4/09/2021,"16,447","1,842"
5/09/2021,"14,423","1,623"
6/09/2021,"21,826","2,574"
7/09/2021,"26,030","3,029"
8/09/2021,"28,403","3,264"
9/09/2021,"28,190","3,127"
10/09/2021,"25,306","3,006"
11/09/2021,"19,401","2,517"
12/09/2021,"15,947","1,978"
13/09/2021,"24,717","2,920"
14/09/2021,"29,213","3,307"
15/09/2021,"28,945","3,407"
16/09/2021,"27,128","3,195"
17/09/2021,"25,217","3,074"
18/09/2021,"18,488","2,191"
19/09/2021,"15,882","1,824"
20/09/2021,"23,706","3,028"
21/09/2021,"29,245","3,191"
22/09/2021,"29,268","3,376"
23/09/2021,"29,289","3,373"
24/09/2021,"24,425","3,173"
25/09/2021,"18,183","2,407"
26/09/2021,"16,355","1,950"
27/09/2021,"25,361","3,268"
28/09/2021,"30,381","3,432"
29/09/2021,"31,378","3,795"
30/09/2021,"28,890","3,565"
1/10/2021,"26,271","3,096"
2/10/2021,"18,510","2,201"
3/10/2021,"15,918","1,788"
4/10/2021,"24,426","3,002"
5/10/2021,"32,887","3,652"
6/10/2021,"33,318","3,679"
7/10/2021,"30,972","3,730"
8/10/2021,"30,107","3,626"
9/10/2021,"20,916","2,641"
10/10/2021,"18,189","2,058"
11/10/2021,"26,411","2,999"
12/10/2021,"34,184","3,869"
13/10/2021,"36,852","3,744"
14/10/2021,"38,756","3,598"
15/10/2021,"33,210","3,315"
16/10/2021,"21,395","2,536"
17/10/2021,"20,636","2,236"
18/10/2021,"28,567","3,153"
19/10/2021,"34,211","3,712"
20/10/2021,"34,293","3,753"
21/10/2021,"34,121","3,781"
22/10/2021,"31,573","3,431"
23/10/2021,"24,854","2,484"
24/10/2021,"18,766","2,098"
25/10/2021,"30,017","3,785"
26/10/2021,"33,105","4,051"
27/10/2021,"36,127","4,150"
28/10/2021,"32,118","3,822"
29/10/2021,"31,712","3,470"
30/10/2021,"23,172","2,526"
31/10/2021,"19,948","2,064"
1/11/2021,"24,923","2,855"
2/11/2021,"33,332","3,460"
3/11/2021,"32,954","3,574"
4/11/2021,"30,926","3,740"
5/11/2021,"30,449","3,386"
6/11/2021,"21,121","2,493"
7/11/2021,"18,379","2,165"
8/11/2021,"28,293","3,435"
9/11/2021,"36,863","3,842"
10/11/2021,"34,548","3,842"
11/11/2021,"35,354","3,885"
12/11/2021,"31,213","3,582"
13/11/2021,"22,906","2,588"
14/11/2021,"21,121","2,313"
15/11/2021,"31,577","3,580"
16/11/2021,"38,674","4,279"
17/11/2021,"36,388","4,096"
18/11/2021,"35,443","4,130"
19/11/2021,"33,953","3,578"
20/11/2021,"24,509","2,738"
21/11/2021,"19,960","2,171"
22/11/2021,"31,410","3,399"
23/11/2021,"39,742","3,907"
24/11/2021,"33,096","3,996"
25/11/2021,"31,967","3,535"
26/11/2021,"28,291","3,236"
27/11/2021,"23,089","2,559"
28/11/2021,"21,244","2,185"
29/11/2021,"30,050","3,306"
30/11/2021,"34,668","4,105"
1/12/2021,"33,821","4,099"
2/12/2021,"34,474","4,080"
3/12/2021,"31,661","3,838"
4/12/2021,"22,568","2,837"
5/12/2021,"19,562","2,490"
6/12/2021,"30,452","3,570"
7/12/2021,"35,473","3,999"
8/12/2021,"32,790","4,073"
9/12/2021,"33,528","3,944"
10/12/2021,"30,481","3,792"
11/12/2021,"21,976","2,856"
12/12/2021,"19,055","2,566"
13/12/2021,"30,889","4,772"
14/12/2021,"34,625","5,122"
15/12/2021,"30,917","4,077"
16/12/2021,"30,874","3,608"
17/12/2021,"28,168","3,679"
18/12/2021,"19,518","2,421"
19/12/2021,"16,487","1,978"
20/12/2021,"20,706","2,588"
21/12/2021,"24,239","3,000"
22/12/2021,"24,032","2,951"
23/12/2021,"21,283","2,328"
24/12/2021,"16,333","1,870"
25/12/2021,"9,643","1,025"
26/12/2021,"10,821","1,235"
27/12/2021,"16,681","1,746"
28/12/2021,"21,247","2,089"
29/12/2021,"19,696","2,190"
30/12/2021,"18,357","2,028"
31/12/2021,"15,008","1,627"
1/01/2022,"8,643",949
2/01/2022,"11,831","1,354"
3/01/2022,"18,674","2,034"
4/01/2022,"25,184","2,612"
5/01/2022,"25,761","2,760"
6/01/2022,"23,864","2,701"
7/01/2022,"22,456","2,693"
8/01/2022,"17,662","1,944"
9/01/2022,"14,704","1,686"
10/01/2022,"21,096","2,638"
11/01/2022,"27,461","3,160"
12/01/2022,"29,252","3,347"
13/01/2022,"28,628","3,160"
14/01/2022,"29,374","3,286"
15/01/2022,"21,681","2,365"
16/01/2022,"17,736","1,988"
17/01/2022,"25,378","3,046"
18/01/2022,"29,979","3,359"
19/01/2022,"32,702","3,584"
20/01/2022,"31,497","3,513"
21/01/2022,"32,905","3,506"
22/01/2022,"27,341","2,522"
23/01/2022,"19,672","2,070"
24/01/2022,"27,780","3,048"
25/01/2022,"31,758","3,609"
26/01/2022,"29,425","3,179"
27/01/2022,"32,314","3,326"
28/01/2022,"31,928","3,400"
29/01/2022,"20,742","2,279"
30/01/2022,"15,866","1,851"
31/01/2022,"22,905","2,624"
1/02/2022,"28,494","3,285"
2/02/2022,"28,719","3,105"
3/02/2022,"31,299","3,248"
4/02/2022,"27,912","3,282"
5/02/2022,"21,204","2,497"
6/02/2022,"19,184","2,078"
7/02/2022,"27,619","3,046"
8/02/2022,"33,173","3,841"
9/02/2022,"33,519","3,701"
10/02/2022,"33,257","3,602"
11/02/2022,"33,323","3,701"
12/02/2022,"23,014","2,409"
13/02/2022,"20,097","2,010"
14/02/2022,"29,087","3,199"
15/02/2022,"36,910","3,673"
16/02/2022,"33,756","3,644"
17/02/2022,"33,164","3,793"
18/02/2022,"33,370","3,905"
19/02/2022,"24,670","2,684"
20/02/2022,"21,073","2,314"
21/02/2022,"30,805","3,550"
22/02/2022,"34,323","3,772"
23/02/2022,"34,733","3,696"
24/02/2022,"33,623","3,633"
25/02/2022,"30,304","3,291"
26/02/2022,"19,081","2,354"
27/02/2022,"18,454","2,002"
28/02/2022,"28,467","3,214"
1/03/2022,"34,323","3,418"
2/03/2022,"35,184","3,475"
3/03/2022,"37,371","3,600"
4/03/2022,"35,505","3,496"
5/03/2022,"22,461","3,116"
6/03/2022,"19,405","1,984"
7/03/2022,"31,440","2,999"
8/03/2022,"40,808","4,063"
9/03/2022,"43,456","3,621"
10/03/2022,"43,429","3,806"
11/03/2022,"40,827","3,467"
12/03/2022,"25,939","2,590"
13/03/2022,"21,583","2,202"
14/03/2022,"28,686","3,157"
15/03/2022,"34,109","3,676"
16/03/2022,"35,302","3,777"
17/03/2022,"37,181","4,011"
18/03/2022,"31,511","3,209"
19/03/2022,"22,153","2,388"
20/03/2022,"21,745","2,170"
21/03/2022,"29,475","3,178"
22/03/2022,"35,456","3,736"
23/03/2022,"37,047","4,002"
24/03/2022,"38,336","4,089"
25/03/2022,"34,521","3,607"
26/03/2022,"24,225","2,499"
27/03/2022,"21,915","2,204"
28/03/2022,"31,736","3,318"
29/03/2022,"39,375","4,272"
30/03/2022,"38,993","3,801"
31/03/2022,"39,766","3,815"
1/04/2022,"36,027","3,457"
2/04/2022,"26,074","2,582"
3/04/2022,"27,529","2,319"
4/04/2022,"36,987","3,526"
5/04/2022,"39,430","3,853"
6/04/2022,"42,077","4,165"
7/04/2022,"39,902","4,198"
8/04/2022,"36,858","4,011"
9/04/2022,"26,255","2,609"
10/04/2022,"24,699","2,319"
11/04/2022,"38,714","3,633"
12/04/2022,"42,728","3,954"
13/04/2022,"39,898","3,814"
14/04/2022,"38,317","3,528"
15/04/2022,"30,160","2,869"
16/04/2022,"22,980","2,331"
17/04/2022,"23,356","2,250"
18/04/2022,"29,100","3,162"
19/04/2022,"36,726","3,726"
20/04/2022,"41,152","4,541"
21/04/2022,"35,211","4,068"
22/04/2022,"35,343","4,125"
23/04/2022,"24,601","2,941"
24/04/2022,"23,176","2,533"
25/04/2022,"31,166","3,602"
26/04/2022,"38,730","4,210"
27/04/2022,"38,154","4,014"
28/04/2022,"38,394","4,227"
29/04/2022,"40,721","3,793"
30/04/2022,"25,083","2,598"
1/05/2022,"20,847","2,152"
2/05/2022,"28,184","3,111"
3/05/2022,"33,889","3,555"
4/05/2022,"34,019","3,707"
5/05/2022,"33,489","3,677"
6/05/2022,"34,504","3,628"
7/05/2022,"25,605","2,605"
8/05/2022,"21,013","2,215"
9/05/2022,"31,421","3,353"
10/05/2022,"37,660","3,829"
11/05/2022,"36,694","3,869"
12/05/2022,"33,390","3,758"
13/05/2022,"29,935","3,329"
14/05/2022,"21,897","2,302"
15/05/2022,"21,573","2,063"
16/05/2022,"31,343","3,126"
17/05/2022,"35,884","3,677"
18/05/2022,"34,557","3,600"
19/05/2022,"37,212","3,721"
20/05/2022,"35,091","3,325"
21/05/2022,"18,816","2,192"
22/05/2022,"17,646","2,041"
23/05/2022,"27,127","3,187"
24/05/2022,"30,964","3,513"
25/05/2022,"28,971","3,374"
26/05/2022,"27,731","3,234"
27/05/2022,"27,265","2,980"
28/05/2022,"20,189","2,034"
29/05/2022,"15,603","1,818"
30/05/2022,"23,460","2,862"
31/05/2022,"22,754","2,539"
,"40,601,250","5,444,029"
